year,filename,bytes,status,url,error
2019,01_2019.pdf,299798,downloaded,https://naspnet.org/wp-content/uploads/2021/01/01.pdf,
2019,10_2019.pdf,100727,downloaded,https://naspnet.org/wp-content/uploads/2021/01/10.pdf,
2019,11_2019.pdf,134601,downloaded,https://naspnet.org/wp-content/uploads/2021/01/11.pdf,
2019,12_2019.pdf,490745,downloaded,https://naspnet.org/wp-content/uploads/2021/01/12.pdf,
2019,13_2019.pdf,1319315,downloaded,https://naspnet.org/wp-content/uploads/2021/01/13.pdf,
2019,14_2019.pdf,386738,downloaded,https://naspnet.org/wp-content/uploads/2021/01/14.pdf,
2019,15_2019.pdf,753666,downloaded,https://naspnet.org/wp-content/uploads/2021/01/15.pdf,
2019,16_2019.pdf,146053,downloaded,https://naspnet.org/wp-content/uploads/2021/01/16.pdf,
2019,17_2019.pdf,451720,downloaded,https://naspnet.org/wp-content/uploads/2021/01/17.pdf,
2019,18_2019.pdf,1326155,downloaded,https://naspnet.org/wp-content/uploads/2021/01/18.pdf,
2019,19_2019.pdf,270474,downloaded,https://naspnet.org/wp-content/uploads/2021/01/19.pdf,
2019,21_2019.pdf,592147,downloaded,https://naspnet.org/wp-content/uploads/2021/01/21.pdf,
2019,22_2019.pdf,432313,downloaded,https://naspnet.org/wp-content/uploads/2021/01/22.pdf,
2019,23_2019.pdf,471940,downloaded,https://naspnet.org/wp-content/uploads/2021/01/23.pdf,
2019,24_2019.pdf,790464,downloaded,https://naspnet.org/wp-content/uploads/2021/01/24.pdf,
2019,25_2019.pdf,283598,downloaded,https://naspnet.org/wp-content/uploads/2021/01/25.pdf,
2019,26_2019.pdf,278877,downloaded,https://naspnet.org/wp-content/uploads/2021/01/26.pdf,
2019,27_2019.pdf,628856,downloaded,https://naspnet.org/wp-content/uploads/2021/01/27.pdf,
2019,28_2019.pdf,673884,downloaded,https://naspnet.org/wp-content/uploads/2021/01/28.pdf,
2019,29_2019.pdf,103755,downloaded,https://naspnet.org/wp-content/uploads/2021/01/29.pdf,
2019,2_2019.pdf,568742,downloaded,https://naspnet.org/wp-content/uploads/2021/01/2.pdf,
2019,30_2019.pdf,221689,downloaded,https://naspnet.org/wp-content/uploads/2021/01/30.pdf,
2019,31_2019.pdf,63734,downloaded,https://naspnet.org/wp-content/uploads/2021/01/31.pdf,
2019,32_2019.pdf,527008,downloaded,https://naspnet.org/wp-content/uploads/2021/01/32.pdf,
2019,33_2019.pdf,414647,downloaded,https://naspnet.org/wp-content/uploads/2021/01/33.pdf,
2019,34_2019.pdf,227240,downloaded,https://naspnet.org/wp-content/uploads/2021/01/34.pdf,
2019,35_2019.pdf,1784846,downloaded,https://naspnet.org/wp-content/uploads/2021/01/35.pdf,
2019,36_2019.pdf,266283,downloaded,https://naspnet.org/wp-content/uploads/2021/01/36.pdf,
2019,37_2019.pdf,651025,downloaded,https://naspnet.org/wp-content/uploads/2021/01/37.pdf,
2019,38_2019.pdf,799215,downloaded,https://naspnet.org/wp-content/uploads/2021/01/38.pdf,
2019,39_2019.pdf,710277,downloaded,https://naspnet.org/wp-content/uploads/2021/01/39.pdf,
2019,3_2019.pdf,309208,downloaded,https://naspnet.org/wp-content/uploads/2021/01/3.pdf,
2019,40_2019.pdf,473985,downloaded,https://naspnet.org/wp-content/uploads/2021/01/40.pdf,
2019,41_2019.pdf,1571253,downloaded,https://naspnet.org/wp-content/uploads/2021/01/41.pdf,
2019,42_2019.pdf,170982,downloaded,https://naspnet.org/wp-content/uploads/2021/01/42.pdf,
2019,43_2019.pdf,168163,downloaded,https://naspnet.org/wp-content/uploads/2021/01/43.pdf,
2019,44_2019.pdf,361457,downloaded,https://naspnet.org/wp-content/uploads/2021/01/44.pdf,
2019,4_2019.pdf,4463972,downloaded,https://naspnet.org/wp-content/uploads/2021/01/4.pdf,
2019,5_2019.pdf,932406,downloaded,https://naspnet.org/wp-content/uploads/2021/01/5.pdf,
2019,6_2019.pdf,930967,downloaded,https://naspnet.org/wp-content/uploads/2021/01/6.pdf,
2019,7_2019.pdf,212863,downloaded,https://naspnet.org/wp-content/uploads/2021/01/7.pdf,
2019,8_2019.pdf,201736,downloaded,https://naspnet.org/wp-content/uploads/2021/01/8.pdf,
2019,9_2019.pdf,4868596,downloaded,https://naspnet.org/wp-content/uploads/2021/01/9.pdf,
2020,Poster-1-3_2020.pdf,473032,downloaded,https://naspnet.org/wp-content/uploads/2021/01/Poster-1-3.pdf,
2020,Poster-11_2020.pdf,565998,downloaded,https://naspnet.org/wp-content/uploads/2021/01/Poster-11.pdf,
2020,Poster-12_2020.pdf,473467,downloaded,https://naspnet.org/wp-content/uploads/2021/01/Poster-12.pdf,
2020,Poster-13_2020.pdf,696277,downloaded,https://naspnet.org/wp-content/uploads/2021/01/Poster-13.pdf,
2020,Poster-14_2020.pdf,483681,downloaded,https://naspnet.org/wp-content/uploads/2021/01/Poster-14.pdf,
2020,Poster-15_2020.pdf,404742,downloaded,https://naspnet.org/wp-content/uploads/2021/01/Poster-15.pdf,
2020,Poster-16_2020.pdf,629658,downloaded,https://naspnet.org/wp-content/uploads/2021/01/Poster-16.pdf,
2020,Poster-17_2020.pdf,468005,downloaded,https://naspnet.org/wp-content/uploads/2021/01/Poster-17.pdf,
2020,Poster-18_2020.pdf,292540,downloaded,https://naspnet.org/wp-content/uploads/2021/01/Poster-18.pdf,
2020,Poster-19_2020.pdf,360114,downloaded,https://naspnet.org/wp-content/uploads/2021/01/Poster-19.pdf,
2020,Poster-2-1_2020.pdf,156319,downloaded,https://naspnet.org/wp-content/uploads/2021/01/Poster-2-1.pdf,
2020,Poster-21_2020.pdf,1423209,downloaded,https://naspnet.org/wp-content/uploads/2021/01/Poster-21.pdf,
2020,Poster-22_2020.pdf,487777,downloaded,https://naspnet.org/wp-content/uploads/2021/01/Poster-22.pdf,
2020,Poster-23_2020.pdf,219760,downloaded,https://naspnet.org/wp-content/uploads/2021/01/Poster-23.pdf,
2020,Poster-24_2020.pdf,322752,downloaded,https://naspnet.org/wp-content/uploads/2021/01/Poster-24.pdf,
2020,Poster-25_2020.pdf,2906090,downloaded,https://naspnet.org/wp-content/uploads/2021/01/Poster-25.pdf,
2020,Poster-26_2020.pdf,272717,downloaded,https://naspnet.org/wp-content/uploads/2021/01/Poster-26.pdf,
2020,Poster-27_2020.pdf,353606,downloaded,https://naspnet.org/wp-content/uploads/2021/01/Poster-27.pdf,
2020,Poster-28_2020.pdf,334181,downloaded,https://naspnet.org/wp-content/uploads/2021/01/Poster-28.pdf,
2020,Poster-29_2020.pdf,1151902,downloaded,https://naspnet.org/wp-content/uploads/2021/01/Poster-29.pdf,
2020,Poster-3-1_2020.pdf,512270,downloaded,https://naspnet.org/wp-content/uploads/2021/01/Poster-3-1.pdf,
2020,Poster-30_2020.pdf,615799,downloaded,https://naspnet.org/wp-content/uploads/2021/01/Poster-30.pdf,
2020,Poster-31_2020.pdf,512367,downloaded,https://naspnet.org/wp-content/uploads/2021/01/Poster-31.pdf,
2020,Poster-32_2020.pdf,272095,downloaded,https://naspnet.org/wp-content/uploads/2021/01/Poster-32.pdf,
2020,Poster-33_2020.pdf,616760,downloaded,https://naspnet.org/wp-content/uploads/2021/01/Poster-33.pdf,
2020,Poster-4-1_2020.pdf,220809,downloaded,https://naspnet.org/wp-content/uploads/2021/01/Poster-4-1.pdf,
2020,Poster-5_2020.pdf,327941,downloaded,https://naspnet.org/wp-content/uploads/2021/01/Poster-5.pdf,
2020,Poster-6_2020.pdf,239971,downloaded,https://naspnet.org/wp-content/uploads/2021/01/Poster-6.pdf,
2020,Poster-7_2020.pdf,549294,downloaded,https://naspnet.org/wp-content/uploads/2021/01/Poster-7.pdf,
2020,Poster-8_2020.pdf,593509,downloaded,https://naspnet.org/wp-content/uploads/2021/01/Poster-8.pdf,
2020,Poster-9_2020.pdf,910563,downloaded,https://naspnet.org/wp-content/uploads/2021/01/Poster-9.pdf,
2020,TF-IJDA_2020_NASP-abstract-book-1.pdf,6329828,downloaded,https://naspnet.org/wp-content/uploads/2021/01/TF-IJDA_2020_NASP-abstract-book-1.pdf,
2021,01-Pharmacy-Extern-Roles-Within-a-Specialty-Pharmacy_2021.pdf,280401,downloaded_migrated,https://naspnet.org/wp-content/uploads/2021/09/01-Pharmacy-Extern-Roles-Within-a-Specialty-Pharmacy.pdf,
2021,02-Pharmacy-collaborative-care-model-in-HIV-clinics_2021.pdf,234622,downloaded_migrated,https://naspnet.org/wp-content/uploads/2021/09/02-Pharmacy-collaborative-care-model-in-HIV-clinics.pdf,
2021,03-Use-of-Texting-to-Re-engage-Specialty-Patients_2021.pdf,305719,downloaded_migrated,https://naspnet.org/wp-content/uploads/2021/09/03-Use-of-Texting-to-Re-engage-Specialty-Patients.pdf,
2021,04-Biosimilar-Adoption-Benefit-use-Claims-Dollars_2021.pdf,308962,downloaded_migrated,https://naspnet.org/wp-content/uploads/2021/09/04-Biosimilar-Adoption-Benefit-use-Claims-Dollars.pdf,
2021,05-Cancer-Caregiver-Absence-Cost-and-Lost-Time_2021.pdf,317029,downloaded_migrated,https://naspnet.org/wp-content/uploads/2021/09/05-Cancer-Caregiver-Absence-Cost-and-Lost-Time.pdf,
2021,06-Patient-reported-outcomes-in-neurology_2021.pdf,338707,downloaded_migrated,https://naspnet.org/wp-content/uploads/2021/09/06-Patient-reported-outcomes-in-neurology.pdf,
2021,07-Nonadherence-phenotype-tool-improves-outcomes_2021.pdf,2038210,downloaded_migrated,https://naspnet.org/wp-content/uploads/2021/09/07-Nonadherence-phenotype-tool-improves-outcomes.pdf,
2021,08-CalOPT-Optimizing-Calcium-Intake_2021.pdf,1158599,downloaded,https://naspnet.org/wp-content/uploads/2021/09/08-CalOPT-Optimizing-Calcium-Intake.pdf,
2021,09-Patient-Support-Program-and-Ibrutinib-Adherence-1_2021.pdf,112871,downloaded_migrated,https://naspnet.org/wp-content/uploads/2021/09/09-Patient-Support-Program-and-Ibrutinib-Adherence-1.pdf,
2021,10-Pharmacy-Impact-on-Self-Administration-of-Prolia_2021.pdf,681796,downloaded_migrated,https://naspnet.org/wp-content/uploads/2021/09/10-Pharmacy-Impact-on-Self-Administration-of-Prolia.pdf,
2021,11-Pharmacist-driven-coagulation-and-cancer-clinic_2021.pdf,565130,downloaded_migrated,https://naspnet.org/wp-content/uploads/2021/09/11-Pharmacist-driven-coagulation-and-cancer-clinic.pdf,
2021,12-Medication-adherence-post-implementation-of-a-PMP_2021.pdf,434140,downloaded_migrated,https://naspnet.org/wp-content/uploads/2021/09/12-Medication-adherence-post-implementation-of-a-PMP.pdf,
2021,13-Specialty-Pharmacy-Impacts-Oral-Chemotherapy-Cost_2021.pdf,928028,downloaded_migrated,https://naspnet.org/wp-content/uploads/2021/09/13-Specialty-Pharmacy-Impacts-Oral-Chemotherapy-Cost.pdf,
2021,14-Specialty-Pharmacy-Responds-to-Opioid-Crisis-1_2021.pdf,165404,downloaded_migrated,https://naspnet.org/wp-content/uploads/2021/09/14-Specialty-Pharmacy-Responds-to-Opioid-Crisis-1.pdf,
2021,15-Pharmacist-Interventions-in-Specialty-Pharmacy_2021.pdf,267918,downloaded_migrated,https://naspnet.org/wp-content/uploads/2021/09/15-Pharmacist-Interventions-in-Specialty-Pharmacy.pdf,
2021,16-Exploring-Rates-of-PCSK9-Inhibitor-Persistence_2021.pdf,621442,downloaded_migrated,https://naspnet.org/wp-content/uploads/2021/09/16-Exploring-Rates-of-PCSK9-Inhibitor-Persistence.pdf,
2021,17-Patient-Satisfaction-Survey-in-Specialty-Pharmacy_2021.pdf,608534,downloaded_migrated,https://naspnet.org/wp-content/uploads/2021/09/17-Patient-Satisfaction-Survey-in-Specialty-Pharmacy.pdf,
2021,18-Quality-of-Life-Measures-in-Specialty-Pharmacy_2021.pdf,1502816,downloaded_migrated,https://naspnet.org/wp-content/uploads/2021/10/18-Quality-of-Life-Measures-in-Specialty-Pharmacy.pdf,
2021,19-Health-System-Specialty-Rx-PGY1-Residency-Launch_2021.pdf,1464984,downloaded_migrated,https://naspnet.org/wp-content/uploads/2021/10/19-Health-System-Specialty-Rx-PGY1-Residency-Launch.pdf,
2021,20-Biologic-Adherence-COVID19-Vaccine-Timing-Dilemma_2021.pdf,299931,downloaded_migrated,https://naspnet.org/wp-content/uploads/2021/09/20-Biologic-Adherence-COVID19-Vaccine-Timing-Dilemma.pdf,
2021,21-Safety-update-Tepotinib-in-METex14-skipping-NSCLC_2021.pdf,279826,downloaded_migrated,https://naspnet.org/wp-content/uploads/2021/09/21-Safety-update-Tepotinib-in-METex14-skipping-NSCLC.pdf,
2021,22-Specialty-Pharmacy-Impact-on-Atopic-Dermatitis_2021.pdf,301271,downloaded_migrated,https://naspnet.org/wp-content/uploads/2021/09/22-Specialty-Pharmacy-Impact-on-Atopic-Dermatitis.pdf,
2021,23-Role-of-Specialty-Pharmacist-in-Cannabidiol-Use_2021.pdf,441720,downloaded_migrated,https://naspnet.org/wp-content/uploads/2021/09/23-Role-of-Specialty-Pharmacist-in-Cannabidiol-Use.pdf,
2021,24-Cannabidiol-Use-at-an-Integrated-Care-Center_2021.pdf,624022,downloaded_migrated,https://naspnet.org/wp-content/uploads/2021/09/24-Cannabidiol-Use-at-an-Integrated-Care-Center.pdf,
2021,25-Building-a-Unique-Specialty-Pharmacy-Rotation-1_2021.pdf,699129,downloaded_migrated,https://naspnet.org/wp-content/uploads/2021/09/25-Building-a-Unique-Specialty-Pharmacy-Rotation-1.pdf,
2021,26-HIV-Post-Exposure-Pharmacist-Linkage-to-Care_2021.pdf,332734,downloaded_migrated,https://naspnet.org/wp-content/uploads/2021/09/26-HIV-Post-Exposure-Pharmacist-Linkage-to-Care.pdf,
2021,27-Digestive-integrated-pharmacy-clinical-service_2021.pdf,743034,downloaded_migrated,https://naspnet.org/wp-content/uploads/2021/09/27-Digestive-integrated-pharmacy-clinical-service.pdf,
2021,28-Identifying-Nonadherence-to-Specialty-Medications_2021.pdf,249655,downloaded_migrated,https://naspnet.org/wp-content/uploads/2021/09/28-Identifying-Nonadherence-to-Specialty-Medications.pdf,
2021,29-Specialty-Pharmacy-Turnaround-Time-Factors_2021.pdf,179254,downloaded_migrated,https://naspnet.org/wp-content/uploads/2021/09/29-Specialty-Pharmacy-Turnaround-Time-Factors.pdf,
2021,30-Persistence-to-Disease-Modifying-Therapy-in-MS_2021.pdf,1183397,downloaded_migrated,https://naspnet.org/wp-content/uploads/2021/09/30-Persistence-to-Disease-Modifying-Therapy-in-MS.pdf,
2021,31-MS-Disease-Modifying-Therapy-Switches_2021.pdf,964394,downloaded_migrated,https://naspnet.org/wp-content/uploads/2021/09/31-MS-Disease-Modifying-Therapy-Switches.pdf,
2021,32-Adherence-Program-Impact-in-Cystic-Fibrosis_2021.pdf,184728,downloaded_migrated,https://naspnet.org/wp-content/uploads/2021/09/32-Adherence-Program-Impact-in-Cystic-Fibrosis.pdf,
2021,33-Clinical-Intervention-Impact-in-Cystic-Fibrosis_2021.pdf,160724,downloaded_migrated,https://naspnet.org/wp-content/uploads/2021/10/33-Clinical-Intervention-Impact-in-Cystic-Fibrosis.pdf,
2021,34-Droxidopa-persistence-and-pharmacist-interventions-1_2021.pdf,582811,downloaded_migrated,https://naspnet.org/wp-content/uploads/2021/10/34-Droxidopa-persistence-and-pharmacist-interventions-1.pdf,
2021,35-PARPi-therapy-Patient-characteristics-and-access_2021.pdf,460343,downloaded_migrated,https://naspnet.org/wp-content/uploads/2021/09/35-PARPi-therapy-Patient-characteristics-and-access.pdf,
2021,36-Impact-of-a-Specialty-Pharmacy-Program-on-Diabetes_2021.pdf,942440,downloaded_migrated,https://naspnet.org/wp-content/uploads/2021/09/36-Impact-of-a-Specialty-Pharmacy-Program-on-Diabetes.pdf,
2021,37-Impact-of-Health-System-Specialty-Pharmacist-Liaison-Teams-on-Patient-Outcomes_2021.pdf,253914,downloaded_migrated,https://naspnet.org/wp-content/uploads/2021/09/37-Impact-of-Health-System-Specialty-Pharmacist-Liaison-Teams-on-Patient-Outcomes.pdf,
2021,38-Pharmacist-Clinical-Decision-Support-System-Alerts_2021.pdf,315117,downloaded_migrated,https://naspnet.org/wp-content/uploads/2021/09/38-Pharmacist-Clinical-Decision-Support-System-Alerts.pdf,
2021,39-Concomitant-use-of-apalutamide-and-anticoagulants_2021.pdf,1448705,downloaded_migrated,https://naspnet.org/wp-content/uploads/2021/09/39-Concomitant-use-of-apalutamide-and-anticoagulants.pdf,
2021,40-Enabling-Access-to-Federal-COVID-Pharmacy-Programs_2021.pdf,277006,downloaded_migrated,https://naspnet.org/wp-content/uploads/2021/09/40-Enabling-Access-to-Federal-COVID-Pharmacy-Programs.pdf,
2021,41-Supply-Crunch-Supporting-Pharmacies-in-a-Pandemic_2021.pdf,257307,downloaded_migrated,https://naspnet.org/wp-content/uploads/2021/09/41-Supply-Crunch-Supporting-Pharmacies-in-a-Pandemic.pdf,
2021,42-Triage-Pharmacist-Role-in-a-Specialty-Pharmacy-Call-Center_2021.pdf,168279,downloaded_migrated,https://naspnet.org/wp-content/uploads/2021/09/42-Triage-Pharmacist-Role-in-a-Specialty-Pharmacy-Call-Center.pdf,
2021,43-Specialty-Pharmacy-Technician-and-Epidiolex-Access_2021.pdf,387998,downloaded_migrated,https://naspnet.org/wp-content/uploads/2021/10/43-Specialty-Pharmacy-Technician-and-Epidiolex-Access.pdf,
2021,44-US-PROs-Tepotinib-for-MET-exon-14-skipping-NSCLC_2021.pdf,822152,downloaded_migrated,https://naspnet.org/wp-content/uploads/2021/09/44-US-PROs-Tepotinib-for-MET-exon-14-skipping-NSCLC.pdf,
2021,45-Health-System-Specialty-Pharmacist-Interventions_2021.pdf,631737,downloaded_migrated,https://naspnet.org/wp-content/uploads/2021/09/45-Health-System-Specialty-Pharmacist-Interventions.pdf,
2021,46-Pharmacist-driven-medication-appeal-process_2021.pdf,137150,downloaded_migrated,https://naspnet.org/wp-content/uploads/2021/09/46-Pharmacist-driven-medication-appeal-process.pdf,
2021,47-Coagulation-factor-X-in-an-infant-patient_2021.pdf,143245,downloaded_migrated,https://naspnet.org/wp-content/uploads/2021/09/47-Coagulation-factor-X-in-an-infant-patient.pdf,
2021,48-Real-World-Use-of-PCSK9-Inhibitors_2021.pdf,663377,downloaded_migrated,https://naspnet.org/wp-content/uploads/2021/09/48-Real-World-Use-of-PCSK9-Inhibitors.pdf,
2021,49-Adalimumab-Dose-Intensification-in-Pediatric-IBD_2021.pdf,591972,downloaded_migrated,https://naspnet.org/wp-content/uploads/2021/09/49-Adalimumab-Dose-Intensification-in-Pediatric-IBD.pdf,
2021,50-HealthBeacon-ICMS-19-more-patients-at-month-12_2021.pdf,14484053,downloaded_migrated,https://naspnet.org/wp-content/uploads/2021/09/50-HealthBeacon-ICMS-19-more-patients-at-month-12.pdf,
2021,52-Impact-of-Specialty-Pharmacy-Services-on-Migraine_2021.pdf,648664,downloaded_migrated,https://naspnet.org/wp-content/uploads/2021/09/52-Impact-of-Specialty-Pharmacy-Services-on-Migraine.pdf,
2021,53-Specialty-clinic-pharmacist-collaborative-model_2021.pdf,755894,downloaded_migrated,https://naspnet.org/wp-content/uploads/2021/09/53-Specialty-clinic-pharmacist-collaborative-model.pdf,
2021,54-Impact-of-addition-of-Community-Healthcare-Worker_2021.pdf,1402549,downloaded_migrated,https://naspnet.org/wp-content/uploads/2021/09/54-Impact-of-addition-of-Community-Healthcare-Worker.pdf,
2021,55-Pharmacy-staff-wellness-during-COVID-19-and-beyond_2021.pdf,776658,downloaded_migrated,https://naspnet.org/wp-content/uploads/2021/09/55-Pharmacy-staff-wellness-during-COVID-19-and-beyond.pdf,
2021,56-Hereditary-Angioedema-Medication-Utilization_2021.pdf,159895,downloaded_migrated,https://naspnet.org/wp-content/uploads/2021/09/56-Hereditary-Angioedema-Medication-Utilization.pdf,
2021,57-Crushing-and-Splitting-DAAs-for-HCV-A-Case-Series_2021.pdf,155749,downloaded_migrated,https://naspnet.org/wp-content/uploads/2021/09/57-Crushing-and-Splitting-DAAs-for-HCV-A-Case-Series.pdf,
2021,58-Extended-Adherence-and-Persistence-to-HIV-PrEP_2021.pdf,1817301,downloaded_migrated,https://naspnet.org/wp-content/uploads/2021/09/58-Extended-Adherence-and-Persistence-to-HIV-PrEP.pdf,
2021,59-Successful-Access-and-Affordability-of-HIV-PrEP_2021.pdf,1789701,downloaded_migrated,https://naspnet.org/wp-content/uploads/2021/09/59-Successful-Access-and-Affordability-of-HIV-PrEP.pdf,
2021,60-Rheumatology-integrated-pharmacy-clinical-service_2021.pdf,147959,downloaded_migrated,https://naspnet.org/wp-content/uploads/2021/09/60-Rheumatology-integrated-pharmacy-clinical-service.pdf,
2021,61-Rates-and-Reasons-for-bDMARD-Switching-and-Cycling_2021.pdf,282620,downloaded_migrated,https://naspnet.org/wp-content/uploads/2021/09/61-Rates-and-Reasons-for-bDMARD-Switching-and-Cycling.pdf,
2021,62-Riluzole-Swallowing-Study-1_2021.pdf,773280,downloaded_migrated,https://naspnet.org/wp-content/uploads/2021/10/62-Riluzole-Swallowing-Study-1.pdf,
2021,63-Apalutamide-Tablets-in-Different-Food-Vehicles_2021.pdf,1775970,downloaded_migrated,https://naspnet.org/wp-content/uploads/2021/09/63-Apalutamide-Tablets-in-Different-Food-Vehicles.pdf,
2021,64-Migraine-ACES-Assessing-CGRP-Efficacy-and-Safety_2021.pdf,687806,downloaded_migrated,https://naspnet.org/wp-content/uploads/2021/09/64-Migraine-ACES-Assessing-CGRP-Efficacy-and-Safety.pdf,
2022,01-2022.pdf,341565,downloaded,https://naspnet.org/wp-content/uploads/2022/12/01-2022.pdf,
2022,02-2022.pdf,109842,downloaded,https://naspnet.org/wp-content/uploads/2022/12/02-2022.pdf,
2022,03-2022.pdf,261705,downloaded,https://naspnet.org/wp-content/uploads/2022/12/03-2022.pdf,
2022,04-2022.pdf,343452,downloaded,https://naspnet.org/wp-content/uploads/2022/12/04-2022.pdf,
2022,05-2022.pdf,4369067,downloaded,https://naspnet.org/wp-content/uploads/2022/12/05-2022.pdf,
2022,06-2022.pdf,160316,downloaded,https://naspnet.org/wp-content/uploads/2022/12/06-2022.pdf,
2022,07-2022.pdf,98715,downloaded,https://naspnet.org/wp-content/uploads/2022/12/07-2022.pdf,
2022,08-2022.pdf,1658638,downloaded,https://naspnet.org/wp-content/uploads/2022/12/08-2022.pdf,
2022,09-2022.pdf,107247,downloaded,https://naspnet.org/wp-content/uploads/2022/12/09-2022.pdf,
2022,10-2022.pdf,324170,downloaded,https://naspnet.org/wp-content/uploads/2022/12/10-2022.pdf,
2022,11-2022.pdf,402835,downloaded,https://naspnet.org/wp-content/uploads/2022/12/11-2022.pdf,
2022,12-2022.pdf,76426,downloaded,https://naspnet.org/wp-content/uploads/2022/12/12-2022.pdf,
2022,13-2022.pdf,422813,downloaded,https://naspnet.org/wp-content/uploads/2022/12/13-2022.pdf,
2022,14-2022.pdf,3623708,downloaded,https://naspnet.org/wp-content/uploads/2022/12/14-2022.pdf,
2022,15-2022.pdf,114765,downloaded,https://naspnet.org/wp-content/uploads/2022/12/15-2022.pdf,
2022,16-2022.pdf,2533289,downloaded,https://naspnet.org/wp-content/uploads/2022/12/16-2022.pdf,
2022,17-2022.pdf,1274127,downloaded,https://naspnet.org/wp-content/uploads/2022/12/17-2022.pdf,
2022,18-2022.pdf,1482728,downloaded,https://naspnet.org/wp-content/uploads/2022/12/18-2022.pdf,
2022,19-2022.pdf,271025,downloaded,https://naspnet.org/wp-content/uploads/2022/12/19-2022.pdf,
2022,20-2022.pdf,868180,downloaded,https://naspnet.org/wp-content/uploads/2022/12/20-2022.pdf,
2022,22-2022.pdf,480959,downloaded,https://naspnet.org/wp-content/uploads/2022/12/22-2022.pdf,
2022,24-2022.pdf,556215,downloaded,https://naspnet.org/wp-content/uploads/2022/12/24-2022.pdf,
2022,25-2022.pdf,490024,downloaded,https://naspnet.org/wp-content/uploads/2022/12/25-2022.pdf,
2022,26-2022.pdf,271206,downloaded,https://naspnet.org/wp-content/uploads/2022/12/26-2022.pdf,
2022,28-2022.pdf,304224,downloaded,https://naspnet.org/wp-content/uploads/2022/12/28-2022.pdf,
2022,29-2022.pdf,5409447,downloaded,https://naspnet.org/wp-content/uploads/2022/12/29-2022.pdf,
2022,30-2022.pdf,349010,downloaded,https://naspnet.org/wp-content/uploads/2022/12/30-2022.pdf,
2022,31-2022.pdf,572502,downloaded,https://naspnet.org/wp-content/uploads/2022/12/31-2022.pdf,
2022,32-2022.pdf,564564,downloaded,https://naspnet.org/wp-content/uploads/2022/12/32-2022.pdf,
2022,33-2022.pdf,131184,downloaded,https://naspnet.org/wp-content/uploads/2022/12/33-2022.pdf,
2022,34-2022.pdf,160762,downloaded,https://naspnet.org/wp-content/uploads/2022/12/34-2022.pdf,
2022,35-2022.pdf,265400,downloaded,https://naspnet.org/wp-content/uploads/2022/12/35-2022.pdf,
2022,36-2022.pdf,338136,downloaded,https://naspnet.org/wp-content/uploads/2022/12/36-2022.pdf,
2022,37-2022.pdf,169299,downloaded,https://naspnet.org/wp-content/uploads/2022/12/37-2022.pdf,
2022,38-2022.pdf,229773,downloaded,https://naspnet.org/wp-content/uploads/2022/12/38-2022.pdf,
2022,39-2022.pdf,1070847,downloaded,https://naspnet.org/wp-content/uploads/2022/12/39-2022.pdf,
2022,40-2022.pdf,340294,downloaded,https://naspnet.org/wp-content/uploads/2022/12/40-2022.pdf,
2022,41-2022.pdf,341136,downloaded,https://naspnet.org/wp-content/uploads/2022/12/41-2022.pdf,
2022,42-2022.pdf,250841,downloaded,https://naspnet.org/wp-content/uploads/2022/12/42-2022.pdf,
2022,43-2022.pdf,250997,downloaded,https://naspnet.org/wp-content/uploads/2022/12/43-2022.pdf,
2022,44-2022.pdf,1263126,downloaded,https://naspnet.org/wp-content/uploads/2022/12/44-2022.pdf,
2022,45-2022.pdf,655869,downloaded,https://naspnet.org/wp-content/uploads/2022/12/45-2022.pdf,
2022,47-2022.pdf,1087328,downloaded,https://naspnet.org/wp-content/uploads/2022/12/47-2022.pdf,
2022,48-2022.pdf,151701,downloaded,https://naspnet.org/wp-content/uploads/2022/12/48-2022.pdf,
2022,49-2022.pdf,996676,downloaded,https://naspnet.org/wp-content/uploads/2022/12/49-2022.pdf,
2022,50-2022.pdf,289665,downloaded,https://naspnet.org/wp-content/uploads/2022/12/50-2022.pdf,
2022,51-2022.pdf,1062424,downloaded,https://naspnet.org/wp-content/uploads/2022/12/51-2022.pdf,
2022,52-2022.pdf,249929,downloaded,https://naspnet.org/wp-content/uploads/2022/12/52-2022.pdf,
2022,53-2022.pdf,263179,downloaded,https://naspnet.org/wp-content/uploads/2022/12/53-2022.pdf,
2022,54-2022.pdf,469705,downloaded,https://naspnet.org/wp-content/uploads/2022/12/54-2022.pdf,
2022,55-2022.pdf,1673794,downloaded,https://naspnet.org/wp-content/uploads/2022/12/55-2022.pdf,
2022,56-2022.pdf,171958,downloaded,https://naspnet.org/wp-content/uploads/2022/12/56-2022.pdf,
2022,57-2022.pdf,284461,downloaded,https://naspnet.org/wp-content/uploads/2022/12/57-2022.pdf,
2022,58-2022.pdf,480265,downloaded,https://naspnet.org/wp-content/uploads/2022/12/58-2022.pdf,
2022,59-2022.pdf,218232,downloaded,https://naspnet.org/wp-content/uploads/2022/12/59-2022.pdf,
2022,60-2022.pdf,345408,downloaded,https://naspnet.org/wp-content/uploads/2022/12/60-2022.pdf,
2022,61-2022.pdf,555026,downloaded,https://naspnet.org/wp-content/uploads/2022/12/61-2022.pdf,
2022,62-2022.pdf,257227,downloaded,https://naspnet.org/wp-content/uploads/2022/12/62-2022.pdf,
2022,64-2022.pdf,424477,downloaded,https://naspnet.org/wp-content/uploads/2022/12/64-2022.pdf,
2022,65-2022.pdf,1069697,downloaded,https://naspnet.org/wp-content/uploads/2022/12/65-2022.pdf,
2022,66-2022.pdf,537872,downloaded,https://naspnet.org/wp-content/uploads/2022/12/66-2022.pdf,
2022,67-2022.pdf,476738,downloaded,https://naspnet.org/wp-content/uploads/2022/12/67-2022.pdf,
2022,Abstracts-from-the-Tenth-Annual-National-Association-of-Specialty-Pharmacy-NASP-Annual-Meeting-Expo_2022.pdf,7564482,downloaded_migrated,https://naspnet.org/wp-content/uploads/2022/09/Abstracts-from-the-Tenth-Annual-National-Association-of-Specialty-Pharmacy-NASP-Annual-Meeting-Expo.pdf,
2023,10_Achieving-Accreditation-of-Health-System-Specialty-Pharmacies-Through-a-Standardized-Method-_2023.pdf,196689,downloaded,https://naspnet.org/wp-content/uploads/2023/08/10_Achieving-Accreditation-of-Health-System-Specialty-Pharmacies-Through-a-Standardized-Method-.pdf,
2023,11_Alternate-Work-Arrangement-within-Specialty-Pharmacy_2023.pdf,822307,downloaded,https://naspnet.org/wp-content/uploads/2023/08/11_Alternate-Work-Arrangement-within-Specialty-Pharmacy.pdf,
2023,12_Clinical-Continuity-Intervention-for-Newborns-Exposed-to-Maternal-HIV-Infection_2023.pdf,678384,downloaded,https://naspnet.org/wp-content/uploads/2023/08/12_Clinical-Continuity-Intervention-for-Newborns-Exposed-to-Maternal-HIV-Infection.pdf,
2023,13_Expanding-Patient-Care-Services-for-Solid-Organ-Transplant-Patients-by-Establishing-an-Accredited-Health-System-Specialty-Pharmacy_2023.pdf,1494370,downloaded,https://naspnet.org/wp-content/uploads/2023/08/13_Expanding-Patient-Care-Services-for-Solid-Organ-Transplant-Patients-by-Establishing-an-Accredited-Health-System-Specialty-Pharmacy.pdf,
2023,14_Impact-of-Integrating-a-Pharmacy-Liaison-Managed-Care-Model-within-a-Diabetes-Population_2023.pdf,323559,downloaded,https://naspnet.org/wp-content/uploads/2023/08/14_Impact-of-Integrating-a-Pharmacy-Liaison-Managed-Care-Model-within-a-Diabetes-Population.pdf,
2023,15_Implementation-of-ambulatory-clinical-pharmacist-type-2-diabetes-care-services-within-an-integrated-health-system-specialty-pharmacy_2023.pdf,356074,downloaded,https://naspnet.org/wp-content/uploads/2023/08/15_Implementation-of-ambulatory-clinical-pharmacist-type-2-diabetes-care-services-within-an-integrated-health-system-specialty-pharmacy.pdf,
2023,16_Pharmacy-Integration-into-the-Fertility-Service-Line-University-Hospitals-Specialty-Pharmacy_2023.pdf,714990,downloaded,https://naspnet.org/wp-content/uploads/2023/08/16_Pharmacy-Integration-into-the-Fertility-Service-Line-University-Hospitals-Specialty-Pharmacy.pdf,
2023,17_Respiratory-syncytial-virus-RSV-protection-a-pan-pharmacy-approach_2023.pdf,435122,downloaded,https://naspnet.org/wp-content/uploads/2023/08/17_Respiratory-syncytial-virus-RSV-protection-a-pan-pharmacy-approach.pdf,
2023,18_The-role-of-pharmacists-and-pharmacy-liaisons-in-addressing-social-determinants-of-health-in-a-multi-centered-health-system-specialty-pharmacy-setting_2023.pdf,502145,downloaded,https://naspnet.org/wp-content/uploads/2023/08/18_The-role-of-pharmacists-and-pharmacy-liaisons-in-addressing-social-determinants-of-health-in-a-multi-centered-health-system-specialty-pharmacy-setting.pdf,
2023,19_Business-Development-Team-Enhances-Clinical-Continuity-by-Leveraging-Health-System-Partners_2023.pdf,304288,downloaded,https://naspnet.org/wp-content/uploads/2023/08/19_Business-Development-Team-Enhances-Clinical-Continuity-by-Leveraging-Health-System-Partners.pdf,
2023,1_lab_monitoring_s1p_modulators_2023.pdf,559326,downloaded,https://naspnet.org/wp-content/uploads/2023/08/1_Health-system-owned-specialty-pharmacy-provided-laboratory-monitoring-for-patients-with-multiple-sclerosis-receiving-sphingosine-1-phosphate-receptor-modulators.pdf,
2023,20_Developing-a-disease-state-specific-patient-management-program-at-an-integrated-health-system-specialty-pharmacy_2023.pdf,429151,downloaded,https://naspnet.org/wp-content/uploads/2023/08/20_Developing-a-disease-state-specific-patient-management-program-at-an-integrated-health-system-specialty-pharmacy.pdf,
2023,21_Effectiveness-of-Patient-Navigation-in-Resolving-Health-System-Related-Barriers-to-Care-for-Patients-with-Bleeding-Disorders_2023.pdf,147737,downloaded,https://naspnet.org/wp-content/uploads/2023/08/21_Effectiveness-of-Patient-Navigation-in-Resolving-Health-System-Related-Barriers-to-Care-for-Patients-with-Bleeding-Disorders.pdf,
2023,23_Treatment-patterns-of-intravenous-edaravone-in-patients-with-amyotrophic-lateral-sclerosis-A-retrospective-administrative-claims-analysis-_2023.pdf,5181588,downloaded,https://naspnet.org/wp-content/uploads/2023/08/23_Treatment-patterns-of-intravenous-edaravone-in-patients-with-amyotrophic-lateral-sclerosis-A-retrospective-administrative-claims-analysis-.pdf,
2023,24_Impact-of-a-Clinical-Pharmacist-Led-Care-Program-on-Patients-with-Hemophilia-A-Utilizing Therigy_2023.pdf,123310,downloaded_percent_encoded,https://naspnet.org/wp-content/uploads/2023/08/24_Impact-of-a-Clinical-Pharmacist-Led-Care-Program-on-Patients-with-Hemophilia-A-Utilizing%E2%80%AFTherigy.pdf,
2023,25_Specialty-Pharmacy-Application-of-PROs-and-PROMs-as-Interventions_2023.pdf,8445752,downloaded,https://naspnet.org/wp-content/uploads/2023/08/25_Specialty-Pharmacy-Application-of-PROs-and-PROMs-as-Interventions.pdf,
2023,26_Adherence-and-Discontinuation-of-Prescription-Cannabidiol-at-an-Integrated-Care-Center_2023.pdf,1605203,downloaded,https://naspnet.org/wp-content/uploads/2023/08/26_Adherence-and-Discontinuation-of-Prescription-Cannabidiol-at-an-Integrated-Care-Center.pdf,
2023,27_JAK_TNFi_alpha_black_box_warning_2023.pdf,237641,downloaded_curl_retry_renamed,https://naspnet.org/wp-content/uploads/2023/08/27_Adherence-patterns-in-rheumatoid-arthritis-patients-receiving-a-Janus-Kinase-JAK-inhibitor-or-a-tumor-necrosis-factor-α-inhibitor-TNFi-after-the-addition-of-a-black-box-warning-to-JAK-inhibitors.pdf,
2023,28_Influence-of-seasonal-changes-on-adherence-in-rheumatoid-arthritis-patients_2023.pdf,219402,downloaded,https://naspnet.org/wp-content/uploads/2023/08/28_Influence-of-seasonal-changes-on-adherence-in-rheumatoid-arthritis-patients.pdf,
2023,29_Clinical-Outcomes-Associated-With-Prescription-Cannabidiol-Use-At-12-Months-Post-Initiation_2023.pdf,1390573,downloaded,https://naspnet.org/wp-content/uploads/2023/08/29_Clinical-Outcomes-Associated-With-Prescription-Cannabidiol-Use-At-12-Months-Post-Initiation.pdf,
2023,2_Impact-of-a-Health-System-Specialty-Pharmacy-on-Patient-Engagement-and-Clinical-Outcomes-Post-Transition-of-Management_2023.pdf,370486,downloaded,https://naspnet.org/wp-content/uploads/2023/08/2_Impact-of-a-Health-System-Specialty-Pharmacy-on-Patient-Engagement-and-Clinical-Outcomes-Post-Transition-of-Management.pdf,
2023,30_Clinical-Outcomes-in-Rheumatoid-Arthritis-Patients-Enrolled-in-an-Integrated-Specialty-Pharmacy-Care-Model_2023.pdf,216121,downloaded,https://naspnet.org/wp-content/uploads/2023/08/30_Clinical-Outcomes-in-Rheumatoid-Arthritis-Patients-Enrolled-in-an-Integrated-Specialty-Pharmacy-Care-Model.pdf,
2023,31_Evaluating-Patient-Reported-Adherence-and-Outcomes-in-Specialty-Disease-States-A-Dual-Site-Initiative-_2023.pdf,594728,downloaded,https://naspnet.org/wp-content/uploads/2023/08/31_Evaluating-Patient-Reported-Adherence-and-Outcomes-in-Specialty-Disease-States-A-Dual-Site-Initiative-.pdf,
2023,32_Evaluation-of-Inflammatory-Bowel-Disease-Treatment-Discontinuation-Rates-in-Patients-within-Health-System-Specialty-Pharmacy​_2023.pdf,210683,downloaded_percent_encoded,https://naspnet.org/wp-content/uploads/2023/08/32_Evaluation-of-Inflammatory-Bowel-Disease-Treatment-Discontinuation-Rates-in-Patients-within-Health-System-Specialty-Pharmacy%E2%80%8B.pdf,
2023,34_Hospital-Utilization-Rates-for-Oncology-Patients-in-an-Integrated-Health-System-Compared-to-a-National-Network_2023.pdf,223151,downloaded,https://naspnet.org/wp-content/uploads/2023/08/34_Hospital-Utilization-Rates-for-Oncology-Patients-in-an-Integrated-Health-System-Compared-to-a-National-Network.pdf,
2023,35_Impact-of-an-Integrated-Health-System-Specialty-Pharmacy-on-HIV-Clinical-Outcomes_2023.pdf,407688,downloaded,https://naspnet.org/wp-content/uploads/2023/08/35_Impact-of-an-Integrated-Health-System-Specialty-Pharmacy-on-HIV-Clinical-Outcomes.pdf,
2023,36_Impact-of-Health-System-Specialty-Pharmacy-Management-on-Clinical-Outcomes-in-Patients-with-Asthma-_2023.pdf,122992,downloaded,https://naspnet.org/wp-content/uploads/2023/08/36_Impact-of-Health-System-Specialty-Pharmacy-Management-on-Clinical-Outcomes-in-Patients-with-Asthma-.pdf,
2023,37_Impact-of-social-determinants-of-health-on-multiple-sclerosis-adherence-and-persistence-for-patients-using-a-national-mail-order-specialty-pharmacy_2023.pdf,219454,downloaded,https://naspnet.org/wp-content/uploads/2023/08/37_Impact-of-social-determinants-of-health-on-multiple-sclerosis-adherence-and-persistence-for-patients-using-a-national-mail-order-specialty-pharmacy.pdf,
2023,38_Impact-of-Specialty-Pharmacy-Implementation-on-Disease-Burden-and-Quality-of-Life-in-Pediatric-and-Young-Adult-Patients-Living-with-HIV_2023.pdf,448512,downloaded,https://naspnet.org/wp-content/uploads/2023/08/38_Impact-of-Specialty-Pharmacy-Implementation-on-Disease-Burden-and-Quality-of-Life-in-Pediatric-and-Young-Adult-Patients-Living-with-HIV.pdf,
2023,39_Adherence-Rates-of-Sphingosine-1-Phosphate-Receptor-Modulators-in-Patients-with-Multiple-Sclerosis_2023.pdf,215318,downloaded,https://naspnet.org/wp-content/uploads/2023/08/39_Adherence-Rates-of-Sphingosine-1-Phosphate-Receptor-Modulators-in-Patients-with-Multiple-Sclerosis.pdf,
2023,3_pharmacy_technician_training_program_2023.pdf,150805,downloaded,https://naspnet.org/wp-content/uploads/2023/08/3_A-comprehensive-approach-to-alleviate-the-pharmacy-technician-shortage-and-the-implementation-of-a-structured-specialty-pharmacy-training-program-in-a-classroom-setting.pdf,
2023,40_Concomitant-Apalutamide-and-Relugolix-in-Patients-With-High-Risk-Localized-Prostate-Cancer-Testosterone-Suppression-1-Year-Update-_2023.pdf,206921,downloaded,https://naspnet.org/wp-content/uploads/2023/08/40_Concomitant-Apalutamide-and-Relugolix-in-Patients-With-High-Risk-Localized-Prostate-Cancer-Testosterone-Suppression-1-Year-Update-.pdf,
2023,41_Multiple-switching-between-the-biosimilar-adalimumab_2023.pdf,127806,downloaded,https://naspnet.org/wp-content/uploads/2023/08/41_Multiple-switching-between-the-biosimilar-adalimumab.pdf,
2023,42_Patient-Oriented-Eczema-Measure-POEM-Scores-to-Measure-Patient-Improvement-with-Specialty-Medication-for-Atopic-Dermatitis-_2023.pdf,924258,downloaded,https://naspnet.org/wp-content/uploads/2023/08/42_Patient-Oriented-Eczema-Measure-POEM-Scores-to-Measure-Patient-Improvement-with-Specialty-Medication-for-Atopic-Dermatitis-.pdf,
2023,43_Real-world-use-of-immunomodulators-in-patients-receiving-pegloticase-for-chronic-gout_2023.pdf,80499,downloaded,https://naspnet.org/wp-content/uploads/2023/08/43_Real-world-use-of-immunomodulators-in-patients-receiving-pegloticase-for-chronic-gout.pdf,
2023,44_Safety-of-Deutetrabenazine-Above-Food-and-Drug-Administration-Maximum-Recommended-Dose-in-Huntingtons-Disease-Chorea _2023.pdf,684011,downloaded_percent_encoded,https://naspnet.org/wp-content/uploads/2023/09/44_Safety-of-Deutetrabenazine-Above-Food-and-Drug-Administration-Maximum-Recommended-Dose-in-Huntingtons-Disease-Chorea%E2%80%AF.pdf,
2023,45_Analyzing-Data-for-Specialty-Conditions-Such-as-Hepatitis-C-_2023.pdf,235120,downloaded,https://naspnet.org/wp-content/uploads/2023/08/45_Analyzing-Data-for-Specialty-Conditions-Such-as-Hepatitis-C-.pdf,
2023,46_Cost-analysis-of-once-daily-extended-release-tacrolimus-LCPT-and-twice-daily-immediate-release-tacrolimus-IR-Tac-for-Kidney-Transplant-Patients_2023.pdf,804305,downloaded,https://naspnet.org/wp-content/uploads/2023/08/46_Cost-analysis-of-once-daily-extended-release-tacrolimus-LCPT-and-twice-daily-immediate-release-tacrolimus-IR-Tac-for-Kidney-Transplant-Patients.pdf,
2023,47_Financial-Impact-of-Integrated-Specialty-Pharmacy-Efforts-to-Avoid-Oral-Oncolytic-Waste_2023.pdf,643418,downloaded,https://naspnet.org/wp-content/uploads/2023/08/47_Financial-Impact-of-Integrated-Specialty-Pharmacy-Efforts-to-Avoid-Oral-Oncolytic-Waste.pdf,
2023,48_Impact-of-Patient-Assistance-Programs-on-Out-of-Pocket-Costs-for-Oral-Oncolytics-Managed-Through-Integrated-Health-System-Specialty-Pharmacies_2023.pdf,210162,downloaded,https://naspnet.org/wp-content/uploads/2023/08/48_Impact-of-Patient-Assistance-Programs-on-Out-of-Pocket-Costs-for-Oral-Oncolytics-Managed-Through-Integrated-Health-System-Specialty-Pharmacies.pdf,
2023,49_Maximizing-Cost-Savings-The-Impact-of-Specialty-Pharmacist-Interventions-at-a-Community-Oncology-Center-_2023.pdf,162998,downloaded,https://naspnet.org/wp-content/uploads/2023/08/49_Maximizing-Cost-Savings-The-Impact-of-Specialty-Pharmacist-Interventions-at-a-Community-Oncology-Center-.pdf,
2023,4_Biosimilar-Perceptions-Among-Autoimmune-Prescribers-and-Pharmacists-in-Health-System-Specialty-Pharmacy-_2023.pdf,222984,downloaded,https://naspnet.org/wp-content/uploads/2023/08/4_Biosimilar-Perceptions-Among-Autoimmune-Prescribers-and-Pharmacists-in-Health-System-Specialty-Pharmacy-.pdf,
2023,50_Retraining-of-Transplant-Pharmacy-Staff-to-Reduce-Medicare-Part-B-Prescription-Billing-Errors-_2023.pdf,1566989,downloaded,https://naspnet.org/wp-content/uploads/2023/08/50_Retraining-of-Transplant-Pharmacy-Staff-to-Reduce-Medicare-Part-B-Prescription-Billing-Errors-.pdf,
2023,51_Rheumatoid-Arthritis-RA-and-non-infused-biologics-adherence-healthcare-cost-and-utilization-_2023.pdf,913897,downloaded,https://naspnet.org/wp-content/uploads/2023/08/51_Rheumatoid-Arthritis-RA-and-non-infused-biologics-adherence-healthcare-cost-and-utilization-.pdf,
2023,52_Positive-Impact-of-a-Specialty-Pharmacy-Health-Coach-Program-_2023.pdf,478380,downloaded,https://naspnet.org/wp-content/uploads/2023/08/52_Positive-Impact-of-a-Specialty-Pharmacy-Health-Coach-Program-.pdf,
2023,53_A-Comparison-of-Face-to-Face-vs.-Virtual-Educational-Nursing-Support-on-Patient-Compliance-with-Oral-and-Inhaled-PAH-Therapies_2023.pdf,224223,downloaded,https://naspnet.org/wp-content/uploads/2023/08/53_A-Comparison-of-Face-to-Face-vs.-Virtual-Educational-Nursing-Support-on-Patient-Compliance-with-Oral-and-Inhaled-PAH-Therapies.pdf,
2023,54_A-model-for-medication-therapy-management-service-implementation-in-a-health-system-specialty-pharmacy-_2023.pdf,126298,downloaded,https://naspnet.org/wp-content/uploads/2023/08/54_A-model-for-medication-therapy-management-service-implementation-in-a-health-system-specialty-pharmacy-.pdf,
2023,55_Development-and-Implementation-of-Collaborative-Pharmacy-Practice-Agreements-in-an-Integrated-Health-System-Specialty-Pharmacy-A-Qualitative-Analysis_2023.pdf,3858685,downloaded,https://naspnet.org/wp-content/uploads/2023/08/55_Development-and-Implementation-of-Collaborative-Pharmacy-Practice-Agreements-in-an-Integrated-Health-System-Specialty-Pharmacy-A-Qualitative-Analysis.pdf,
2023,56_Disease-Therapy-Management-for-Medication-Adherence-in-Rheumatoid-Arthritis_2023.pdf,217048,downloaded,https://naspnet.org/wp-content/uploads/2023/08/56_Disease-Therapy-Management-for-Medication-Adherence-in-Rheumatoid-Arthritis.pdf,
2023,57_Impact-of-an-Ambulatory-Clinical-Pharmacist-on-Oral-Oncolytics-in-a-HematologyOncology-Specialty-Clinic-Integrated-with-a-Health-System-Specialty-Pharmacy_2023.pdf,202194,downloaded,https://naspnet.org/wp-content/uploads/2023/08/57_Impact-of-an-Ambulatory-Clinical-Pharmacist-on-Oral-Oncolytics-in-a-HematologyOncology-Specialty-Clinic-Integrated-with-a-Health-System-Specialty-Pharmacy.pdf,
2023,5_Education-and-evaluation-strategies-to-implement-a-new-care-management-documentation-system-in-a-health-system-specialty-pharmacy-_2023.pdf,559363,downloaded,https://naspnet.org/wp-content/uploads/2023/08/5_Education-and-evaluation-strategies-to-implement-a-new-care-management-documentation-system-in-a-health-system-specialty-pharmacy-.pdf,
2023,60_A-Health-System-Specialty-Pharmacy-Led-Check-in-Protocol-in-Patients-on-Oral-Oncolytics_2023.pdf,115879,downloaded,https://naspnet.org/wp-content/uploads/2023/08/60_A-Health-System-Specialty-Pharmacy-Led-Check-in-Protocol-in-Patients-on-Oral-Oncolytics.pdf,
2023,61_Achieving-Quality-Pharmacy-Care-for-HIV-Post-Exposure-Prophylaxis-PEP-Therapy_2023.pdf,743909,downloaded,https://naspnet.org/wp-content/uploads/2023/08/61_Achieving-Quality-Pharmacy-Care-for-HIV-Post-Exposure-Prophylaxis-PEP-Therapy.pdf,
2023,62_Clinical-and-Quality-Outcomes-of-a-Hypertrophic-Cardiomyopathy-Management-Program-within-an-Integrated-Health-System-Specialty-Pharmacy-Model_2023.pdf,393564,downloaded,https://naspnet.org/wp-content/uploads/2023/08/62_Clinical-and-Quality-Outcomes-of-a-Hypertrophic-Cardiomyopathy-Management-Program-within-an-Integrated-Health-System-Specialty-Pharmacy-Model.pdf,
2023,63_Impact-of-PROMIS-10-on-health-related-quality-of-life-outcomes-in-specialty-pharmacy-settings-_2023.pdf,177902,downloaded,https://naspnet.org/wp-content/uploads/2023/08/63_Impact-of-PROMIS-10-on-health-related-quality-of-life-outcomes-in-specialty-pharmacy-settings-.pdf,
2023,64_Measuring-prescription-turnaround-times-in-an-integrated-health-system-specialty-pharmacy-setting-_2023.pdf,9900016,downloaded,https://naspnet.org/wp-content/uploads/2023/08/64_Measuring-prescription-turnaround-times-in-an-integrated-health-system-specialty-pharmacy-setting-.pdf,
2023,65_Utilization-of-standard-half-life-or-extended-half-life-products-in-members-with-Hemophilia-A-prescribed-emicizumab_2023.pdf,169634,downloaded,https://naspnet.org/wp-content/uploads/2023/08/65_Utilization-of-standard-half-life-or-extended-half-life-products-in-members-with-Hemophilia-A-prescribed-emicizumab.pdf,
2023,66_biologic_adherence_uc_crohns_claims_2023.pdf,194105,downloaded,https://naspnet.org/wp-content/uploads/2023/08/66_Adherence-to-biological-therapies-in-patients-with-Ulcerative-Colitis-and-Crohns-disease-analysis-of-a-national-specialty-pharmacy-and-MarketScan-commercial-claims-database.pdf,
2023,67_Difference-in-persistence-between-tablets-and-capsules_2023.pdf,308385,downloaded,https://naspnet.org/wp-content/uploads/2023/08/67_Difference-in-persistence-between-tablets-and-capsules.pdf,
2023,68_Evaluating-prior-authorization-turnaround-times-for-integrated-health-system-specialty-pharmacy-patients-_2023.pdf,9503641,downloaded,https://naspnet.org/wp-content/uploads/2023/08/68_Evaluating-prior-authorization-turnaround-times-for-integrated-health-system-specialty-pharmacy-patients-.pdf,
2023,69_Impact-of-clinical-dashboards-for-data-capture-and-reporting-across-health-system-specialty-pharmacies_2023.pdf,155788,downloaded,https://naspnet.org/wp-content/uploads/2023/08/69_Impact-of-clinical-dashboards-for-data-capture-and-reporting-across-health-system-specialty-pharmacies.pdf,
2023,6_Opportunities-Provided-to-Students-through-a-Specialty-Pharmacy-Externship-Program_2023.pdf,210525,downloaded,https://naspnet.org/wp-content/uploads/2023/08/6_Opportunities-Provided-to-Students-through-a-Specialty-Pharmacy-Externship-Program.pdf,
2023,70_Individualized-Care-Plans-Effect-on-Therapy-Adherence-for-Patients-Prescribed-Olaparib-_2023.pdf,591599,downloaded,https://naspnet.org/wp-content/uploads/2023/08/70_Individualized-Care-Plans-Effect-on-Therapy-Adherence-for-Patients-Prescribed-Olaparib-.pdf,
2023,71_Technology-Driven-Delivery-Performance-using-predictive-insight-to-take-action.before-shipping-is-even-initiated_2023.pdf,401429,downloaded,https://naspnet.org/wp-content/uploads/2023/08/71_Technology-Driven-Delivery-Performance-using-predictive-insight-to-take-action.before-shipping-is-even-initiated.pdf,
2023,72_Development-of-a-Workflow-to-Manage-Non-specialty-Medications-at-a-Specialty-Pharmacy-_2023.pdf,502118,downloaded,https://naspnet.org/wp-content/uploads/2023/08/72_Development-of-a-Workflow-to-Manage-Non-specialty-Medications-at-a-Specialty-Pharmacy-.pdf,
2023,73_Identifying-Medication-Access-Barriers-for-Rare-and-Complex-Disease-Patients-within-the-Pharmacy-Hub-Space-_2023.pdf,8760490,downloaded,https://naspnet.org/wp-content/uploads/2023/08/73_Identifying-Medication-Access-Barriers-for-Rare-and-Complex-Disease-Patients-within-the-Pharmacy-Hub-Space-.pdf,
2023,74_A-landscape-assessment-of-digital-engagement-with-healthcare-decision-makers_2023.pdf,63993,downloaded,https://naspnet.org/wp-content/uploads/2023/08/74_A-landscape-assessment-of-digital-engagement-with-healthcare-decision-makers.pdf,
2023,75_Implementation-of-a-new-patient-case-management-system-at-a-large-health-system-specialty-pharmacy_2023.pdf,143865,downloaded,https://naspnet.org/wp-content/uploads/2023/08/75_Implementation-of-a-new-patient-case-management-system-at-a-large-health-system-specialty-pharmacy.pdf,
2023,76_Optimize-Your-Patient-Services-to-Support-the-Patient-Treatment-Journey_2023.pdf,5490656,downloaded,https://naspnet.org/wp-content/uploads/2023/08/76_Optimize-Your-Patient-Services-to-Support-the-Patient-Treatment-Journey.pdf,
2023,77_Oral-oncology-adverse-event-reporting-via-text-messaging-integrative-collaboration-between-specialty-pharmacy-and-oncology-provider-clinic_2023.pdf,166903,downloaded,https://naspnet.org/wp-content/uploads/2023/08/77_Oral-oncology-adverse-event-reporting-via-text-messaging-integrative-collaboration-between-specialty-pharmacy-and-oncology-provider-clinic.pdf,
2023,78_Impact-of-Multi-Step-Order-Transmittal-in-an-Inflammatory-Bowel-Disease-Clinic-_2023.pdf,248861,downloaded,https://naspnet.org/wp-content/uploads/2023/08/78_Impact-of-Multi-Step-Order-Transmittal-in-an-Inflammatory-Bowel-Disease-Clinic-.pdf,
2023,79_Creating-a-Digital-Refill-Program-Using-Readily-Available-Software_2023.pdf,221006,downloaded,https://naspnet.org/wp-content/uploads/2023/08/79_Creating-a-Digital-Refill-Program-Using-Readily-Available-Software.pdf,
2023,7_Optimizing-initiation-for-self-injectable-medications-with-remote-demonstration-kits-delivered-via-specialty-pharmacy-_2023.pdf,335161,downloaded,https://naspnet.org/wp-content/uploads/2023/08/7_Optimizing-initiation-for-self-injectable-medications-with-remote-demonstration-kits-delivered-via-specialty-pharmacy-.pdf,
2023,80_Improving-Medication-Adherence-for-Specialty-Pharmacy-Patients-_2023.pdf,614662,downloaded,https://naspnet.org/wp-content/uploads/2023/08/80_Improving-Medication-Adherence-for-Specialty-Pharmacy-Patients-.pdf,
2023,81_The-Implementation-of-Agile-Methodology-and-its-Impact-on-the-Healthcare-and-Pharmacy-Technology-Industry_2023.pdf,3159789,downloaded,https://naspnet.org/wp-content/uploads/2023/08/81_The-Implementation-of-Agile-Methodology-and-its-Impact-on-the-Healthcare-and-Pharmacy-Technology-Industry.pdf,
2023,8_Smart-Strategies-for-Control-Room-Temperature-Shipping-of-Mail-Order-Specialty-Pharmaceuticals_2023.pdf,888385,downloaded,https://naspnet.org/wp-content/uploads/2023/08/8_Smart-Strategies-for-Control-Room-Temperature-Shipping-of-Mail-Order-Specialty-Pharmaceuticals.pdf,
2023,9_Abemaciclib-Linkage-to-Care-A-Health-System-Specialty-Pharmacy-Initiative_2023.pdf,405100,downloaded,https://naspnet.org/wp-content/uploads/2023/08/9_Abemaciclib-Linkage-to-Care-A-Health-System-Specialty-Pharmacy-Initiative.pdf,
2023,NASP_231005_POSTER_AbstractFrontierTherapies_FINAL_2023.pdf,168334,downloaded,https://naspnet.org/wp-content/uploads/2023/11/NASP_231005_POSTER_AbstractFrontierTherapies_FINAL.pdf,
2024,1-OPR1-OR-Poster-AM24-v2_2024.pdf,454406,downloaded,https://naspnet.org/wp-content/uploads/2024/09/1-OPR1-OR-Poster-AM24-v2.pdf,
2024,10-OPR10-EN-Poster-AM24_2024.pdf,1607877,downloaded,https://naspnet.org/wp-content/uploads/2024/09/10-OPR10-EN-Poster-AM24.pdf,
2024,100-PSP100-RP-Poster-AM24_2024.pdf,1091924,downloaded,https://naspnet.org/wp-content/uploads/2024/09/100-PSP100-RP-Poster-AM24.pdf,
2024,101-PSP101-OR-Poster-AM24_2024.pdf,491655,downloaded,https://naspnet.org/wp-content/uploads/2024/09/101-PSP101-OR-Poster-AM24.pdf,
2024,102-PSP102-OR-Poster-AM24_2024.pdf,172333,downloaded,https://naspnet.org/wp-content/uploads/2024/09/102-PSP102-OR-Poster-AM24.pdf,
2024,103-PSP103-OR-Poster-AM24_2024.pdf,328624,downloaded,https://naspnet.org/wp-content/uploads/2024/09/103-PSP103-OR-Poster-AM24.pdf,
2024,104-PSP104-OR-Poster-AM24_2024.pdf,328624,downloaded,https://naspnet.org/wp-content/uploads/2024/09/104-PSP104-OR-Poster-AM24.pdf,
2024,11-OPR11-EN-Poster-AM24_2024.pdf,1860167,downloaded,https://naspnet.org/wp-content/uploads/2024/09/11-OPR11-EN-Poster-AM24.pdf,
2024,12-OPR12-EN-Poster-AM24_2024.pdf,575929,downloaded,https://naspnet.org/wp-content/uploads/2024/09/12-OPR12-EN-Poster-AM24.pdf,
2024,13-OPR13-OR-Poster-AM24_2024.pdf,334154,downloaded,https://naspnet.org/wp-content/uploads/2024/09/13-OPR13-OR-Poster-AM24.pdf,
2024,14-OPR14-OR-Poster-AM24_2024.pdf,519321,downloaded,https://naspnet.org/wp-content/uploads/2024/09/14-OPR14-OR-Poster-AM24.pdf,
2024,15-OPR15-EN-Poster-AM24_2024.pdf,383910,downloaded,https://naspnet.org/wp-content/uploads/2024/09/15-OPR15-EN-Poster-AM24.pdf,
2024,16-OPR16-OR-Poster-AM24_2024.pdf,641059,downloaded,https://naspnet.org/wp-content/uploads/2024/09/16-OPR16-OR-Poster-AM24.pdf,
2024,17-OPR17-OR-Poster-AM24_2024.pdf,227211,downloaded,https://naspnet.org/wp-content/uploads/2024/09/17-OPR17-OR-Poster-AM24.pdf,
2024,18-OPR18-EN-Poster-AM24_2024.pdf,180641,downloaded,https://naspnet.org/wp-content/uploads/2024/09/18-OPR18-EN-Poster-AM24.pdf,
2024,19-OPR19-OR-Poster-AM24_2024.pdf,134040,downloaded,https://naspnet.org/wp-content/uploads/2024/09/19-OPR19-OR-Poster-AM24.pdf,
2024,2-OPR2-OR-Poster-AM24_2024.pdf,264706,downloaded,https://naspnet.org/wp-content/uploads/2024/09/2-OPR2-OR-Poster-AM24.pdf,
2024,20-OPR20-EN-Poster-AM24_2024.pdf,1277992,downloaded,https://naspnet.org/wp-content/uploads/2024/09/20-OPR20-EN-Poster-AM24.pdf,
2024,21-OPR21-EN-Poster-AM24_2024.pdf,1079022,downloaded,https://naspnet.org/wp-content/uploads/2024/09/21-OPR21-EN-Poster-AM24.pdf,
2024,22-OPR22-EN-Poster-AM24_2024.pdf,1163179,downloaded,https://naspnet.org/wp-content/uploads/2024/09/22-OPR22-EN-Poster-AM24.pdf,
2024,23-OPR23-EN-Poster-AM24_2024.pdf,629475,downloaded,https://naspnet.org/wp-content/uploads/2024/09/23-OPR23-EN-Poster-AM24.pdf,
2024,24-OPR24-OR-Poster-AM24_2024.pdf,244115,downloaded,https://naspnet.org/wp-content/uploads/2024/09/24-OPR24-OR-Poster-AM24.pdf,
2024,25-OPR25-OR-Poster-AM24_2024.pdf,1231728,downloaded,https://naspnet.org/wp-content/uploads/2024/09/25-OPR25-OR-Poster-AM24.pdf,
2024,26-OPR26-OR-Poster-AM24-v2_2024.pdf,4340386,downloaded,https://naspnet.org/wp-content/uploads/2024/09/26-OPR26-OR-Poster-AM24-v2.pdf,
2024,27-OPR27-OR-Poster-AM24_2024.pdf,356695,downloaded,https://naspnet.org/wp-content/uploads/2024/09/27-OPR27-OR-Poster-AM24.pdf,
2024,28-OPR28-EN-Poster-AM24_2024.pdf,330289,downloaded,https://naspnet.org/wp-content/uploads/2024/09/28-OPR28-EN-Poster-AM24.pdf,
2024,29-OPR29-RP-Poster-AM24_2024.pdf,551063,downloaded,https://naspnet.org/wp-content/uploads/2024/09/29-OPR29-RP-Poster-AM24.pdf,
2024,3-OPR3-EN-Poster-AM24_2024.pdf,1297712,downloaded,https://naspnet.org/wp-content/uploads/2024/09/3-OPR3-EN-Poster-AM24.pdf,
2024,30-OPR30-OR-Poster-AM24_2024.pdf,345985,downloaded,https://naspnet.org/wp-content/uploads/2024/09/30-OPR30-OR-Poster-AM24.pdf,
2024,31-OPR31-OR-Poster-AM24_2024.pdf,227579,downloaded,https://naspnet.org/wp-content/uploads/2024/09/31-OPR31-OR-Poster-AM24.pdf,
2024,32-OPR32-EN-Poster-AM24_2024.pdf,542954,downloaded,https://naspnet.org/wp-content/uploads/2024/09/32-OPR32-EN-Poster-AM24.pdf,
2024,33-OPR33-OR-Poster-AM24_2024.pdf,1148222,downloaded,https://naspnet.org/wp-content/uploads/2024/09/33-OPR33-OR-Poster-AM24.pdf,
2024,34-OPR34-OR-Poster-AM24_2024.pdf,96442,downloaded,https://naspnet.org/wp-content/uploads/2024/09/34-OPR34-OR-Poster-AM24.pdf,
2024,35-OPR35-RP-Poster-AM24_2024.pdf,389393,downloaded,https://naspnet.org/wp-content/uploads/2024/09/35-OPR35-RP-Poster-AM24.pdf,
2024,36-OPR36-OR-Poster-AM24_2024.pdf,496312,downloaded,https://naspnet.org/wp-content/uploads/2024/09/36-OPR36-OR-Poster-AM24.pdf,
2024,37-OPR37-EN-Poster-AM24_2024.pdf,280548,downloaded,https://naspnet.org/wp-content/uploads/2024/09/37-OPR37-EN-Poster-AM24.pdf,
2024,38-OPR38-EN-Poster-AM24_2024.pdf,581153,downloaded,https://naspnet.org/wp-content/uploads/2024/09/38-OPR38-EN-Poster-AM24.pdf,
2024,39-OPR39-OR-Poster-AM24_2024.pdf,669341,downloaded,https://naspnet.org/wp-content/uploads/2024/09/39-OPR39-OR-Poster-AM24.pdf,
2024,4-OPR4-EN-Poster-AM24_2024.pdf,117276,downloaded,https://naspnet.org/wp-content/uploads/2024/09/4-OPR4-EN-Poster-AM24.pdf,
2024,40-OPR40-EN-Poster-AM24_2024.pdf,1862709,downloaded,https://naspnet.org/wp-content/uploads/2024/09/40-OPR40-EN-Poster-AM24.pdf,
2024,41-OPR41-OR-Poster-AM24_2024.pdf,233668,downloaded,https://naspnet.org/wp-content/uploads/2024/09/41-OPR41-OR-Poster-AM24.pdf,
2024,42-OPR42-EN-Poster-AM24_2024.pdf,987480,downloaded,https://naspnet.org/wp-content/uploads/2024/09/42-OPR42-EN-Poster-AM24.pdf,
2024,43-OPR43-EN-Poster-AM24_2024.pdf,316594,downloaded,https://naspnet.org/wp-content/uploads/2024/09/43-OPR43-EN-Poster-AM24.pdf,
2024,44-OPR44-RP-Poster-AM24_2024.pdf,315632,downloaded,https://naspnet.org/wp-content/uploads/2024/09/44-OPR44-RP-Poster-AM24.pdf,
2024,45-OPR45-OR-Poster-AM24_2024.pdf,122685,downloaded,https://naspnet.org/wp-content/uploads/2024/09/45-OPR45-OR-Poster-AM24.pdf,
2024,46-OPR46-RP-Poster-AM24_2024.pdf,221900,downloaded,https://naspnet.org/wp-content/uploads/2024/09/46-OPR46-RP-Poster-AM24.pdf,
2024,47-OPR47-EN-Poster-AM24_2024.pdf,166156,downloaded,https://naspnet.org/wp-content/uploads/2024/09/47-OPR47-EN-Poster-AM24.pdf,
2024,48-OPR48-OR-Poster-AM24_2024.pdf,677486,downloaded,https://naspnet.org/wp-content/uploads/2024/09/48-OPR48-OR-Poster-AM24.pdf,
2024,49-OPR49-OR-Poster-AM24_2024.pdf,246833,downloaded,https://naspnet.org/wp-content/uploads/2024/09/49-OPR49-OR-Poster-AM24.pdf,
2024,5-OPR5-OR-Poster-AM24_2024.pdf,117448,downloaded,https://naspnet.org/wp-content/uploads/2024/09/5-OPR5-OR-Poster-AM24.pdf,
2024,50-OPR50-EN-Poster-AM24_2024.pdf,316107,downloaded,https://naspnet.org/wp-content/uploads/2024/09/50-OPR50-EN-Poster-AM24.pdf,
2024,51-OPR51-EN-Poster-AM24_2024.pdf,625275,downloaded,https://naspnet.org/wp-content/uploads/2024/09/51-OPR51-EN-Poster-AM24.pdf,
2024,52-OPR52-EN-Poster-AM24_2024.pdf,343215,downloaded,https://naspnet.org/wp-content/uploads/2024/09/52-OPR52-EN-Poster-AM24.pdf,
2024,53-OPR53-EN-Poster-AM24_2024.pdf,702652,downloaded,https://naspnet.org/wp-content/uploads/2024/09/53-OPR53-EN-Poster-AM24.pdf,
2024,54-OPR54-EN-Poster-AM24_2024.pdf,370205,downloaded,https://naspnet.org/wp-content/uploads/2024/09/54-OPR54-EN-Poster-AM24.pdf,
2024,55-OPR55-RP-Poster-AM24_2024.pdf,1039586,downloaded,https://naspnet.org/wp-content/uploads/2024/09/55-OPR55-RP-Poster-AM24.pdf,
2024,56-OPR56-OR-Poster-AM24_2024.pdf,274399,downloaded,https://naspnet.org/wp-content/uploads/2024/09/56-OPR56-OR-Poster-AM24.pdf,
2024,57-OPR57-RP-Poster-AM24_2024.pdf,320020,downloaded,https://naspnet.org/wp-content/uploads/2024/09/57-OPR57-RP-Poster-AM24.pdf,
2024,58-OPR58-EN-Poster-AM24_2024.pdf,167269,downloaded,https://naspnet.org/wp-content/uploads/2024/09/58-OPR58-EN-Poster-AM24.pdf,
2024,59-OPR59-EN-Poster-AM24_2024.pdf,409322,downloaded,https://naspnet.org/wp-content/uploads/2024/09/59-OPR59-EN-Poster-AM24.pdf,
2024,6-OPR6-OR-Poster-AM24_2024.pdf,366912,downloaded,https://naspnet.org/wp-content/uploads/2024/09/6-OPR6-OR-Poster-AM24.pdf,
2024,60-OPR60-EN-Poster-AM24_2024.pdf,1814752,downloaded,https://naspnet.org/wp-content/uploads/2024/09/60-OPR60-EN-Poster-AM24.pdf,
2024,61-OPR61-OR-Poster-AM24_2024.pdf,436122,downloaded,https://naspnet.org/wp-content/uploads/2024/09/61-OPR61-OR-Poster-AM24.pdf,
2024,62-OPR62-OR-Poster-AM24_2024.pdf,5933263,downloaded,https://naspnet.org/wp-content/uploads/2024/09/62-OPR62-OR-Poster-AM24.pdf,
2024,63-OPR63-RP-Poster-AM24_2024.pdf,476866,downloaded,https://naspnet.org/wp-content/uploads/2024/09/63-OPR63-RP-Poster-AM24.pdf,
2024,64-OPR64-OR-Poster-AM24_2024.pdf,330729,downloaded,https://naspnet.org/wp-content/uploads/2024/09/64-OPR64-OR-Poster-AM24.pdf,
2024,65-OPR65-OR-Poster-AM24-v2_2024.pdf,1172494,downloaded,https://naspnet.org/wp-content/uploads/2024/09/65-OPR65-OR-Poster-AM24-v2.pdf,
2024,66-OPR66-EN-Poster-AM24_2024.pdf,266396,downloaded,https://naspnet.org/wp-content/uploads/2024/09/66-OPR66-EN-Poster-AM24.pdf,
2024,67-OPR67-OR-Poster-AM24_2024.pdf,823356,downloaded,https://naspnet.org/wp-content/uploads/2024/09/67-OPR67-OR-Poster-AM24.pdf,
2024,68-OPR68-EN-Poster-AM24_2024.pdf,696766,downloaded,https://naspnet.org/wp-content/uploads/2024/09/68-OPR68-EN-Poster-AM24.pdf,
2024,69-OPR69-OR-Poster-AM24_2024.pdf,540630,downloaded,https://naspnet.org/wp-content/uploads/2024/09/69-OPR69-OR-Poster-AM24.pdf,
2024,7-OPR7-OR-Poster-AM24_2024.pdf,112006,downloaded,https://naspnet.org/wp-content/uploads/2024/09/7-OPR7-OR-Poster-AM24.pdf,
2024,70-OPR70-OR-Poster-AM24_2024.pdf,742839,downloaded,https://naspnet.org/wp-content/uploads/2024/09/70-OPR70-OR-Poster-AM24.pdf,
2024,71-OPR71-OR-Poster-AM24_2024.pdf,391568,downloaded,https://naspnet.org/wp-content/uploads/2024/09/71-OPR71-OR-Poster-AM24.pdf,
2024,72-OPR72-EN-Poster-AM24_2024.pdf,350981,downloaded,https://naspnet.org/wp-content/uploads/2024/09/72-OPR72-EN-Poster-AM24.pdf,
2024,73-DTS73-OR-Poster-AM24_2024.pdf,99366,downloaded,https://naspnet.org/wp-content/uploads/2024/09/73-DTS73-OR-Poster-AM24.pdf,
2024,74-DTS74-RP-Poster-AM24-v3_2024.pdf,1048093,downloaded,https://naspnet.org/wp-content/uploads/2024/09/74-DTS74-RP-Poster-AM24-v3.pdf,
2024,75-DTS75-OR-Poster-AM24_2024.pdf,1400994,downloaded,https://naspnet.org/wp-content/uploads/2024/09/75-DTS75-OR-Poster-AM24.pdf,
2024,76-DTS76-EN-Poster-AM24_2024.pdf,1043912,downloaded,https://naspnet.org/wp-content/uploads/2024/09/76-DTS76-EN-Poster-AM24.pdf,
2024,77-DTS77-EN-Poster-AM24_2024.pdf,83202,downloaded,https://naspnet.org/wp-content/uploads/2024/09/77-DTS77-EN-Poster-AM24.pdf,
2024,78-DTS78-EN-Poster-AM24_2024.pdf,58243,downloaded,https://naspnet.org/wp-content/uploads/2024/09/78-DTS78-EN-Poster-AM24.pdf,
2024,79-DTS79-EN-Poster-AM24_2024.pdf,62013,downloaded,https://naspnet.org/wp-content/uploads/2024/09/79-DTS79-EN-Poster-AM24.pdf,
2024,8-OPR8-EN-Poster-AM24_2024.pdf,280229,downloaded,https://naspnet.org/wp-content/uploads/2024/09/8-OPR8-EN-Poster-AM24.pdf,
2024,80-DTS80-EN-Poster-AM24_2024.pdf,672381,downloaded,https://naspnet.org/wp-content/uploads/2024/09/80-DTS80-EN-Poster-AM24.pdf,
2024,81-DTS81-OR-Poster-AM24_2024.pdf,141235,downloaded,https://naspnet.org/wp-content/uploads/2024/09/81-DTS81-OR-Poster-AM24.pdf,
2024,82-DTS82-OR-Poster-AM24_2024.pdf,656542,downloaded,https://naspnet.org/wp-content/uploads/2024/09/82-DTS82-OR-Poster-AM24.pdf,
2024,83-DTS83-OR-Poster-AM24_2024.pdf,656104,downloaded,https://naspnet.org/wp-content/uploads/2024/09/83-DTS83-OR-Poster-AM24.pdf,
2024,84-DTS84-OR-Poster-AM24_2024.pdf,730965,downloaded,https://naspnet.org/wp-content/uploads/2024/09/84-DTS84-OR-Poster-AM24.pdf,
2024,85-PSP85-RP-Poster-AM24_2024.pdf,94454,downloaded,https://naspnet.org/wp-content/uploads/2024/09/85-PSP85-RP-Poster-AM24.pdf,
2024,86-PSP86-OR-Poster-AM24_2024.pdf,209553,downloaded,https://naspnet.org/wp-content/uploads/2024/09/86-PSP86-OR-Poster-AM24.pdf,
2024,87-PSP87-RP-Poster-AM24_2024.pdf,1448271,downloaded,https://naspnet.org/wp-content/uploads/2024/09/87-PSP87-RP-Poster-AM24.pdf,
2024,88-PSP88-OR-Poster-AM24_2024.pdf,249253,downloaded,https://naspnet.org/wp-content/uploads/2024/09/88-PSP88-OR-Poster-AM24.pdf,
2024,89-PSP89-RP-Poster-AM24_2024.pdf,227781,downloaded,https://naspnet.org/wp-content/uploads/2024/09/89-PSP89-RP-Poster-AM24.pdf,
2024,9-OPR9-OR-Poster-AM24_2024.pdf,186251,downloaded,https://naspnet.org/wp-content/uploads/2024/09/9-OPR9-OR-Poster-AM24.pdf,
2024,90-PSP90-EN-Poster-AM24_2024.pdf,1002169,downloaded,https://naspnet.org/wp-content/uploads/2024/09/90-PSP90-EN-Poster-AM24.pdf,
2024,91-PSP91-RP-Poster-AM24_2024.pdf,129226,downloaded,https://naspnet.org/wp-content/uploads/2024/09/91-PSP91-RP-Poster-AM24.pdf,
2024,92-PSP92-OR-Poster-AM24_2024.pdf,147166,downloaded,https://naspnet.org/wp-content/uploads/2024/09/92-PSP92-OR-Poster-AM24.pdf,
2024,93-PSP93-OR-Poster-AM24_2024.pdf,203048,downloaded,https://naspnet.org/wp-content/uploads/2024/09/93-PSP93-OR-Poster-AM24.pdf,
2024,94-PSP94-EN-Poster-AM24_2024.pdf,432799,downloaded,https://naspnet.org/wp-content/uploads/2024/09/94-PSP94-EN-Poster-AM24.pdf,
2024,95-PSP95-RP-Poster-AM24_2024.pdf,227115,downloaded,https://naspnet.org/wp-content/uploads/2024/09/95-PSP95-RP-Poster-AM24.pdf,
2024,96-PSP96-OR-Poster-AM24_2024.pdf,229978,downloaded,https://naspnet.org/wp-content/uploads/2024/09/96-PSP96-OR-Poster-AM24.pdf,
2024,97-PSP97-OR-Poster-AM24_2024.pdf,289274,downloaded,https://naspnet.org/wp-content/uploads/2024/09/97-PSP97-OR-Poster-AM24.pdf,
2024,98-PSP98-OR-Poster-AM24_2024.pdf,272901,downloaded,https://naspnet.org/wp-content/uploads/2024/09/98-PSP98-OR-Poster-AM24.pdf,
2024,99-PSP99-OR-Poster-AM24_2024.pdf,172633,downloaded,https://naspnet.org/wp-content/uploads/2024/09/99-PSP99-OR-Poster-AM24.pdf,
2025,1101-OPR26-OR-Poster-AM25_2025.pdf,373564,downloaded,https://naspnet.org/wp-content/uploads/2025/08/1101-OPR26-OR-Poster-AM25.pdf,
2025,1103-OPR48-OR-Poster-AM25_2025.pdf,170222,downloaded,https://naspnet.org/wp-content/uploads/2025/08/1103-OPR48-OR-Poster-AM25.pdf,
2025,1109-OPR25-OR-Poster-AM25_2025.pdf,277443,downloaded,https://naspnet.org/wp-content/uploads/2025/08/1109-OPR25-OR-Poster-AM25.pdf,
2025,1110-OPR59-OR-Poster-AM25_2025.pdf,152005,downloaded,https://naspnet.org/wp-content/uploads/2025/08/1110-OPR59-OR-Poster-AM25.pdf,
2025,1117-PSP78-OR-Poster-AM25_2025.pdf,892293,downloaded,https://naspnet.org/wp-content/uploads/2025/08/1117-PSP78-OR-Poster-AM25.pdf,
2025,1118-OPR14-OR-Poster-AM25-v2_2025.pdf,832749,downloaded,https://naspnet.org/wp-content/uploads/2025/09/1118-OPR14-OR-Poster-AM25-v2.pdf,
2025,1124-OPR40-OR-Poster-AM25_2025.pdf,320399,downloaded,https://naspnet.org/wp-content/uploads/2025/08/1124-OPR40-OR-Poster-AM25.pdf,
2025,1134-OPR44-OR-Poster-AM25_2025.pdf,594425,downloaded,https://naspnet.org/wp-content/uploads/2025/08/1134-OPR44-OR-Poster-AM25.pdf,
2025,1135-OPR43-OR-Poster-AM25_2025.pdf,434276,downloaded,https://naspnet.org/wp-content/uploads/2025/08/1135-OPR43-OR-Poster-AM25.pdf,
2025,1139-PSP82-OR-Poster-AM25_2025.pdf,434624,downloaded,https://naspnet.org/wp-content/uploads/2025/08/1139-PSP82-OR-Poster-AM25.pdf,
2025,1140-PSP80-OR-Poster-AM25_2025.pdf,251318,downloaded,https://naspnet.org/wp-content/uploads/2025/08/1140-PSP80-OR-Poster-AM25.pdf,
2025,1141-PSP90-OR-Poster-AM25_2025.pdf,224829,downloaded,https://naspnet.org/wp-content/uploads/2025/08/1141-PSP90-OR-Poster-AM25.pdf,
2025,1145-OPR19-OR-Poster-AM25_2025.pdf,11018859,downloaded,https://naspnet.org/wp-content/uploads/2025/08/1145-OPR19-OR-Poster-AM25.pdf,
2025,1148-OPR69-OR-Poster-AM25_2025.pdf,451222,downloaded,https://naspnet.org/wp-content/uploads/2025/08/1148-OPR69-OR-Poster-AM25.pdf,
2025,1150-OPR24-OR-Poster-AM25_2025.pdf,677852,downloaded,https://naspnet.org/wp-content/uploads/2025/08/1150-OPR24-OR-Poster-AM25.pdf,
2025,1151-OPR58-OR-Poster-AM25_2025.pdf,315939,downloaded,https://naspnet.org/wp-content/uploads/2025/08/1151-OPR58-OR-Poster-AM25.pdf,
2025,1153-OPR51-OR-Poster-AM25_2025.pdf,380212,downloaded,https://naspnet.org/wp-content/uploads/2025/08/1153-OPR51-OR-Poster-AM25.pdf,
2025,1154-OPR52-OR-Poster-AM25_2025.pdf,289647,downloaded,https://naspnet.org/wp-content/uploads/2025/08/1154-OPR52-OR-Poster-AM25.pdf,
2025,1159-PSP102-OR-Poster-AM25_2025.pdf,89558,downloaded,https://naspnet.org/wp-content/uploads/2025/08/1159-PSP102-OR-Poster-AM25.pdf,
2025,1160-OPR04-OR-Poster-AM25_2025.pdf,236188,downloaded,https://naspnet.org/wp-content/uploads/2025/08/1160-OPR04-OR-Poster-AM25.pdf,
2025,1163-OPR27-OR-Poster-AM25_2025.pdf,2881294,downloaded,https://naspnet.org/wp-content/uploads/2025/08/1163-OPR27-OR-Poster-AM25.pdf,
2025,1165-OPR42-OR-Poster-AM25_2025.pdf,313789,downloaded,https://naspnet.org/wp-content/uploads/2025/08/1165-OPR42-OR-Poster-AM25.pdf,
2025,1167-OPR29-OR-Poster-AM25_2025.pdf,306369,downloaded,https://naspnet.org/wp-content/uploads/2025/08/1167-OPR29-OR-Poster-AM25.pdf,
2025,1170-OPR01-OR-Poster-AM25_2025.pdf,494034,downloaded,https://naspnet.org/wp-content/uploads/2025/08/1170-OPR01-OR-Poster-AM25.pdf,
2025,1172-PSP72-OR-Poster-AM25_2025.pdf,1086098,downloaded,https://naspnet.org/wp-content/uploads/2025/08/1172-PSP72-OR-Poster-AM25.pdf,
2025,1173-PSP87-OR-Poster-AM25_2025.pdf,1390380,downloaded,https://naspnet.org/wp-content/uploads/2025/08/1173-PSP87-OR-Poster-AM25.pdf,
2025,1174-OPR10-OR-Poster-AM25_2025.pdf,297972,downloaded,https://naspnet.org/wp-content/uploads/2025/08/1174-OPR10-OR-Poster-AM25.pdf,
2025,1175-PSP73-OR-Poster-AM25_2025.pdf,594192,downloaded,https://naspnet.org/wp-content/uploads/2025/08/1175-PSP73-OR-Poster-AM25.pdf,
2025,1178-OPR68-OR-Poster-AM25_2025.pdf,1309184,downloaded,https://naspnet.org/wp-content/uploads/2025/08/1178-OPR68-OR-Poster-AM25.pdf,
2025,1179-OPR23-OR-Poster-AM25_2025.pdf,1377185,downloaded,https://naspnet.org/wp-content/uploads/2025/08/1179-OPR23-OR-Poster-AM25.pdf,
2025,1180-OPR38-OR-Poster-AM25_2025.pdf,930728,downloaded,https://naspnet.org/wp-content/uploads/2025/08/1180-OPR38-OR-Poster-AM25.pdf,
2025,1181-PSP79-OR-Poster-AM25_2025.pdf,215633,downloaded,https://naspnet.org/wp-content/uploads/2025/08/1181-PSP79-OR-Poster-AM25.pdf,
2025,1183-PSP77-OR-Poster-AM25_2025.pdf,341857,downloaded,https://naspnet.org/wp-content/uploads/2025/08/1183-PSP77-OR-Poster-AM25.pdf,
2025,1184-PSP84-RP-Poster-AM25_2025.pdf,244787,downloaded,https://naspnet.org/wp-content/uploads/2025/08/1184-PSP84-RP-Poster-AM25.pdf,
2025,1186-OPR70-OR-Poster-AM25_2025.pdf,305337,downloaded,https://naspnet.org/wp-content/uploads/2025/08/1186-OPR70-OR-Poster-AM25.pdf,
2025,1187-PSP81-OR-Poster-AM25_2025.pdf,278096,downloaded,https://naspnet.org/wp-content/uploads/2025/08/1187-PSP81-OR-Poster-AM25.pdf,
2025,1188-OPR39-OR-Poster-AM25_2025.pdf,94177,downloaded,https://naspnet.org/wp-content/uploads/2025/08/1188-OPR39-OR-Poster-AM25.pdf,
2025,1191-OPR32-OR-Poster-AM25_2025.pdf,300452,downloaded,https://naspnet.org/wp-content/uploads/2025/08/1191-OPR32-OR-Poster-AM25.pdf,
2025,1192-PSP88-OR-Poster-AM25_2025.pdf,208568,downloaded,https://naspnet.org/wp-content/uploads/2025/08/1192-PSP88-OR-Poster-AM25.pdf,
2025,1193-OPR56-EN-Poster-AM25_2025.pdf,1092254,downloaded,https://naspnet.org/wp-content/uploads/2025/08/1193-OPR56-EN-Poster-AM25.pdf,
2025,1195-DTS106-OR-Poster-AM25v2_2025.pdf,331504,downloaded,https://naspnet.org/wp-content/uploads/2025/09/1195-DTS106-OR-Poster-AM25v2.pdf,
2025,1196-OPR09-OR-Poster-AM25_2025.pdf,654772,downloaded,https://naspnet.org/wp-content/uploads/2025/08/1196-OPR09-OR-Poster-AM25.pdf,
2025,1197-OPR07-OR-Poster-AM25_2025.pdf,727442,downloaded,https://naspnet.org/wp-content/uploads/2025/08/1197-OPR07-OR-Poster-AM25.pdf,
2025,1199-OPR63-OR-Poster-AM25_2025.pdf,360281,downloaded,https://naspnet.org/wp-content/uploads/2025/08/1199-OPR63-OR-Poster-AM25.pdf,
2025,1200-PSP99-OR-Poster-AM25_2025.pdf,194683,downloaded_corrected_url,https://naspnet.org/wp-content/uploads/2025/09/1200-PSP99-OR-Poster-AM25-v2.pdf,
2025,1201-OPR17-OR-Poster-AM25_2025.pdf,3608439,downloaded,https://naspnet.org/wp-content/uploads/2025/08/1201-OPR17-OR-Poster-AM25.pdf,
2025,1203-PSP93-OR-Poster-AM25_2025.pdf,7183159,downloaded,https://naspnet.org/wp-content/uploads/2025/08/1203-PSP93-OR-Poster-AM25.pdf,
2025,1206-OPR08-OR-Poster-AM25_2025.pdf,740272,downloaded,https://naspnet.org/wp-content/uploads/2025/08/1206-OPR08-OR-Poster-AM25.pdf,
2025,1208-PSP71-OR-Poster-AM25_2025.pdf,590119,downloaded,https://naspnet.org/wp-content/uploads/2025/08/1208-PSP71-OR-Poster-AM25.pdf,
2025,1210-OPR11-OR-Poster-AM25_2025.pdf,416498,downloaded,https://naspnet.org/wp-content/uploads/2025/08/1210-OPR11-OR-Poster-AM25.pdf,
2025,1211-OPR67-OR-Poster-AM25_2025.pdf,783058,downloaded,https://naspnet.org/wp-content/uploads/2025/08/1211-OPR67-OR-Poster-AM25.pdf,
2025,1215-DTS109-OR-Poster-AM25_2025.pdf,640540,downloaded,https://naspnet.org/wp-content/uploads/2025/08/1215-DTS109-OR-Poster-AM25.pdf,
2025,1216-OPR41-OR-Poster-AM25_2025.pdf,153422,downloaded,https://naspnet.org/wp-content/uploads/2025/08/1216-OPR41-OR-Poster-AM25.pdf,
2025,1218-OPR62-OR-Poster-AM25_2025.pdf,652451,downloaded,https://naspnet.org/wp-content/uploads/2025/08/1218-OPR62-OR-Poster-AM25.pdf,
2025,1219-DTS111-OR-Poster-AM25-2_2025.pdf,359128,downloaded,https://naspnet.org/wp-content/uploads/2025/09/1219-DTS111-OR-Poster-AM25-2.pdf,
2025,1222-DTS108-OR-Poster-AM25_2025.pdf,803403,downloaded,https://naspnet.org/wp-content/uploads/2025/08/1222-DTS108-OR-Poster-AM25.pdf,
2025,1223-OPR66-OR-Poster-AM25_2025.pdf,273921,downloaded,https://naspnet.org/wp-content/uploads/2025/08/1223-OPR66-OR-Poster-AM25.pdf,
2025,2102-PSP83-EN-Poster-AM25v2_2025.pdf,188579,downloaded,https://naspnet.org/wp-content/uploads/2025/09/2102-PSP83-EN-Poster-AM25v2.pdf,
2025,2104-OPR47-EN-Poster-AM25_2025.pdf,854702,downloaded,https://naspnet.org/wp-content/uploads/2025/08/2104-OPR47-EN-Poster-AM25.pdf,
2025,2105-OPR50-EN-Poster-AM25_2025.pdf,1205233,downloaded,https://naspnet.org/wp-content/uploads/2025/08/2105-OPR50-EN-Poster-AM25.pdf,
2025,2106-OPR49-EN-Poster-AM25_2025.pdf,414804,downloaded,https://naspnet.org/wp-content/uploads/2025/08/2106-OPR49-EN-Poster-AM25.pdf,
2025,2108-DTS105-EN-Poster-AM25_2025.pdf,542446,downloaded,https://naspnet.org/wp-content/uploads/2025/08/2108-DTS105-EN-Poster-AM25.pdf,
2025,2111-OPR37-EN-Poster-AM25v2_2025.pdf,1026901,downloaded,https://naspnet.org/wp-content/uploads/2025/09/2111-OPR37-EN-Poster-AM25v2.pdf,
2025,2112-OPR36-EN-Poster-AM25v2_2025.pdf,431395,downloaded,https://naspnet.org/wp-content/uploads/2025/09/2112-OPR36-EN-Poster-AM25v2.pdf,
2025,2113-OPR54-EN-Poster-AM25v2_2025.pdf,777829,downloaded,https://naspnet.org/wp-content/uploads/2025/09/2113-OPR54-EN-Poster-AM25v2.pdf,
2025,2115-OPR22-EN-Poster-AM25_2025.pdf,359674,downloaded,https://naspnet.org/wp-content/uploads/2025/08/2115-OPR22-EN-Poster-AM25.pdf,
2025,2116-DTS110-EN-Poster-AM25_2025.pdf,686366,downloaded,https://naspnet.org/wp-content/uploads/2025/08/2116-DTS110-EN-Poster-AM25.pdf,
2025,2120-OPR13-EN-Poster-AM25_2025.pdf,645674,downloaded,https://naspnet.org/wp-content/uploads/2025/08/2120-OPR13-EN-Poster-AM25.pdf,
2025,2121-OPR02-EN-Poster-AM25_2025.pdf,904211,downloaded,https://naspnet.org/wp-content/uploads/2025/08/2121-OPR02-EN-Poster-AM25.pdf,
2025,2123-OPR12-EN-Poster-AM25_2025.pdf,528738,downloaded,https://naspnet.org/wp-content/uploads/2025/08/2123-OPR12-EN-Poster-AM25.pdf,
2025,2125-OPR35-EN-Poster-AM25_2025.pdf,550846,downloaded,https://naspnet.org/wp-content/uploads/2025/08/2125-OPR35-EN-Poster-AM25.pdf,
2025,2126-OPR34-EN-Poster-AM25_2025.pdf,991432,downloaded,https://naspnet.org/wp-content/uploads/2025/08/2126-OPR34-EN-Poster-AM25.pdf,
2025,2127-OPR15-EN-Poster-AM25_2025.pdf,104392,downloaded,https://naspnet.org/wp-content/uploads/2025/08/2127-OPR15-EN-Poster-AM25.pdf,
2025,2128-OPR45-EN-Poster-AM25_2025.pdf,208548,downloaded,https://naspnet.org/wp-content/uploads/2025/08/2128-OPR45-EN-Poster-AM25.pdf,
2025,2129-OPR28-EN-Poster-AM25_2025.pdf,1181085,downloaded,https://naspnet.org/wp-content/uploads/2025/08/2129-OPR28-EN-Poster-AM25.pdf,
2025,2138-PSP95-EN-Poster-AM25_2025.pdf,279030,downloaded,https://naspnet.org/wp-content/uploads/2025/08/2138-PSP95-EN-Poster-AM25.pdf,
2025,2142-PSP75-EN-Poster-AM25_2025.pdf,939524,downloaded,https://naspnet.org/wp-content/uploads/2025/08/2142-PSP75-EN-Poster-AM25.pdf,
2025,2144-OPR21-EN-Poster-AM25_2025.pdf,222351,downloaded,https://naspnet.org/wp-content/uploads/2025/08/2144-OPR21-EN-Poster-AM25.pdf,
2025,2146-PSP92-EN-Poster-AM25_2025.pdf,276009,downloaded,https://naspnet.org/wp-content/uploads/2025/08/2146-PSP92-EN-Poster-AM25.pdf,
2025,2147-OPR55-EN-Poster-AM25_2025.pdf,4879548,downloaded,https://naspnet.org/wp-content/uploads/2025/08/2147-OPR55-EN-Poster-AM25.pdf,
2025,2158-PSP104-RP-Poster-AM25_2025.pdf,231009,downloaded,https://naspnet.org/wp-content/uploads/2025/08/2158-PSP104-RP-Poster-AM25.pdf,
2025,2161-OPR03-EN-Poster-AM25_2025.pdf,269467,downloaded,https://naspnet.org/wp-content/uploads/2025/08/2161-OPR03-EN-Poster-AM25.pdf,
2025,2164-PSP98-EN-Poster-AM25_2025.pdf,107231,downloaded,https://naspnet.org/wp-content/uploads/2025/08/2164-PSP98-EN-Poster-AM25.pdf,
2025,2166-PSP97EN-Poster-AM25_2025.pdf,157834,downloaded,https://naspnet.org/wp-content/uploads/2025/08/2166-PSP97EN-Poster-AM25.pdf,
2025,2169-PSP86-EN-Poster-AM25_2025.pdf,197836,downloaded,https://naspnet.org/wp-content/uploads/2025/08/2169-PSP86-EN-Poster-AM25.pdf,
2025,2171-PSP85-EN-Poster-AM25_2025.pdf,909937,downloaded,https://naspnet.org/wp-content/uploads/2025/08/2171-PSP85-EN-Poster-AM25.pdf,
2025,2177-OPR33-EN-Poster-AM25_2025.pdf,276055,downloaded,https://naspnet.org/wp-content/uploads/2025/08/2177-OPR33-EN-Poster-AM25.pdf,
2025,2182-OPR06-EN-Poster-AM25_2025.pdf,256804,downloaded,https://naspnet.org/wp-content/uploads/2025/08/2182-OPR06-EN-Poster-AM25.pdf,
2025,2185-OPR57-EN-Poster-AM25_2025.pdf,180891,downloaded,https://naspnet.org/wp-content/uploads/2025/08/2185-OPR57-EN-Poster-AM25.pdf,
2025,2194-OPR05-EN-Poster-AM25_2025.pdf,318935,downloaded,https://naspnet.org/wp-content/uploads/2025/08/2194-OPR05-EN-Poster-AM25.pdf,
2025,2207-PSP100-EN-Poster-AM25_2025.pdf,257934,downloaded,https://naspnet.org/wp-content/uploads/2025/08/2207-PSP100-EN-Poster-AM25.pdf,
2025,2220-OPR30-EN-Poster-AM25_2025.pdf,272660,downloaded,https://naspnet.org/wp-content/uploads/2025/08/2220-OPR30-EN-Poster-AM25.pdf,
2025,2221-OPR16-EN-Poster-AM25_2025.pdf,922944,downloaded,https://naspnet.org/wp-content/uploads/2025/08/2221-OPR16-EN-Poster-AM25.pdf,
2025,3149-PSP96-RP-Poster-AM25_2025.pdf,290143,downloaded,https://naspnet.org/wp-content/uploads/2025/08/3149-PSP96-RP-Poster-AM25.pdf,
2025,3152-PSP76-RP-Poster-AM25_2025.pdf,291844,downloaded,https://naspnet.org/wp-content/uploads/2025/08/3152-PSP76-RP-Poster-AM25.pdf,
2025,3168-OPR20-RP-Poster-AM25_2025.pdf,150939,downloaded,https://naspnet.org/wp-content/uploads/2025/08/3168-OPR20-RP-Poster-AM25.pdf,
2025,3176-OPR61-RP-Poster-AM25_2025.pdf,937821,downloaded,https://naspnet.org/wp-content/uploads/2025/08/3176-OPR61-RP-Poster-AM25.pdf,
2025,3189-OPR46-RP-Poster-AM25_2025.pdf,104697,downloaded,https://naspnet.org/wp-content/uploads/2025/08/3189-OPR46-RP-Poster-AM25.pdf,
2025,3190-PSP94-RP-Poster-AM25_2025.pdf,194080,downloaded,https://naspnet.org/wp-content/uploads/2025/08/3190-PSP94-RP-Poster-AM25.pdf,
2025,3198-PSP91-RP-Poster-AM25_2025.pdf,260017,downloaded,https://naspnet.org/wp-content/uploads/2025/08/3198-PSP91-RP-Poster-AM25.pdf,
2025,3202-PSP74-RP-Poster-AM25_2025.pdf,272954,downloaded,https://naspnet.org/wp-content/uploads/2025/08/3202-PSP74-RP-Poster-AM25.pdf,
2025,3205-PSP89-RP-Poster-AM25_2025.pdf,503647,downloaded,https://naspnet.org/wp-content/uploads/2025/08/3205-PSP89-RP-Poster-AM25.pdf,
2025,3209-DTS107-RP-Poster-AM25_2025.pdf,224056,downloaded,https://naspnet.org/wp-content/uploads/2025/08/3209-DTS107-RP-Poster-AM25.pdf,
2025,3214-OPR53-RP-Poster-AM25_2025.pdf,2703978,downloaded,https://naspnet.org/wp-content/uploads/2025/08/3214-OPR53-RP-Poster-AM25.pdf,
2025,3217-OPR31-RP-Poster-AM25_2025.pdf,165233,downloaded,https://naspnet.org/wp-content/uploads/2025/08/3217-OPR31-RP-Poster-AM25.pdf,
2025,OPR18-OR-Implementing-Hard-Stop_2025.pdf,2139105,downloaded,https://naspnet.org/wp-content/uploads/2026/01/OPR18-OR-Implementing-Hard-Stop.pdf,
